245.0,152.0,18.0,18.0,0.0,0.301398882,93.0,5.0,11507.0,1153.0
109.0,97.0,10.0,10.0,0.0,0.32071742,12.0,4.0,26876.0,493.0
1744.0,1413.0,296.0,296.0,68.0,3.237283464,331.0,31.0,239598.0,6953.0
35.0,11.0,2.0,2.0,0.0,0.59078455,24.0,1.0,516.0,0.0
25.0,28.0,5.0,5.0,0.0,0.039999999,-3.0,2.0,645.0,0.0
93.0,96.0,12.0,12.0,0.0,0.67734021,-3.0,6.0,52630.0,3221.0
3464.0,3570.0,331.0,331.0,151.0,9.94199573,-106.0,74.0,513850.0,11947.0
900.0,863.0,89.0,89.0,34.0,2.84275252,37.0,20.0,26997.0,258.0
321.0,279.0,28.0,28.0,0.0,0.40260226,42.0,5.0,55365.0,1828.0
69.0,67.0,4.0,4.0,14.0,0.27070129,2.0,2.0,4310.0,0.0
25.0,25.0,4.0,4.0,0.0,0.23751634,0.0,2.0,5500.0,0.0
13.0,13.0,2.0,2.0,0.0,0.13951528,0.0,0.0,2232.0,0.0
43.0,25.0,4.0,4.0,0.0,0.41432387,18.0,2.0,3879.0,85.0
266.0,216.0,28.0,28.0,0.0,0.96876282,50.0,7.0,42016.0,954.0
49.0,33.0,4.0,4.0,0.0,0.056965519000000006,16.0,1.0,4379.0,316.0
932.0,947.0,49.0,49.0,27.0,2.86058938,-15.0,32.0,133891.0,3605.0
25.0,25.0,2.0,2.0,0.0,0.43364385,0.0,2.0,10761.0,1897.0
86.0,52.0,8.0,8.0,0.0,0.44683877,34.0,3.0,2574.0,0.0
436.0,349.0,34.0,34.0,0.0,1.09394217,87.0,9.0,7436.0,162.0
22.0,22.0,4.0,4.0,0.0,0.26326278,0.0,2.0,5298.0,20.0
25.0,22.0,4.0,4.0,0.0,0.80452055,3.0,1.0,1359.0,0.0
24.0,16.0,3.0,3.0,0.0,0.31078768,8.0,1.0,758.0,0.0
166.0,153.0,11.0,11.0,0.0,0.91331795,13.0,4.0,75845.0,4061.0
25.0,25.0,4.0,4.0,0.0,0.264,0.0,2.0,33258.0,1227.0
25.0,11.0,2.0,2.0,0.0,0.11130952,14.0,0.0,3689.0,0.0
229.0,108.0,9.0,9.0,0.0,0.25410959,121.0,3.0,16783.0,249.0
33.0,25.0,4.0,4.0,0.0,0.2269589,8.0,2.0,4421.0,153.0
255.0,235.0,6.0,6.0,0.0,0.2325636,20.0,2.0,2273.0,0.0
92.0,92.0,6.0,6.0,0.0,0.17096487,0.0,2.0,4082.0,120.0
238.0,176.0,20.0,20.0,12.0,0.573708,62.0,7.0,80056.0,2428.0
58.0,48.0,5.0,5.0,0.0,0.11375571,10.0,2.0,1556.0,0.0
61.0,61.0,11.0,11.0,0.0,0.60008827,0.0,4.0,1358.0,0.0
105.0,49.0,6.0,6.0,0.0,0.50484437,56.0,2.0,1213.0,82.0
14.0,14.0,2.0,2.0,0.0,0.11330724,0.0,0.0,621.0,70.0
15.0,15.0,3.0,3.0,0.0,0.081643835,0.0,0.0,150.0,0.0
35.0,25.0,4.0,4.0,0.0,0.38235617,10.0,2.0,1184.0,0.0
25.0,20.0,3.0,3.0,0.0,0.16835617,5.0,2.0,5071.0,8.0
269.0,281.0,18.0,18.0,15.0,0.71862721,-12.0,16.0,210794.0,10442.0
49.0,49.0,4.0,4.0,0.0,0.29197651,0.0,2.0,16131.0,240.0
202.0,170.0,18.0,18.0,0.0,0.53181303,32.0,6.0,3369.0,242.0
25.0,25.0,3.0,3.0,0.0,0.29621917,0.0,2.0,5781.0,37.0
25.0,25.0,4.0,4.0,0.0,0.34969863,0.0,2.0,437.0,0.0
161.0,104.0,16.0,16.0,0.0,0.83971236,57.0,6.0,12226.0,360.0
99.0,99.0,30.0,30.0,0.0,0.55754811,0.0,4.0,4997.0,0.0
1184.0,1017.0,126.0,126.0,77.0,4.05810944,167.0,25.0,95906.0,3097.0
25.0,25.0,4.0,4.0,0.0,0.84328765,0.0,0.0,128.0,0.0
255.0,219.0,32.0,32.0,0.0,1.4819454,36.0,9.0,13719.0,421.0
25.0,25.0,4.0,4.0,0.0,0.32778081,0.0,1.0,10764.0,33.0
76.0,54.0,9.0,9.0,0.0,0.55403346,22.0,3.0,56110.0,4603.0
25.0,25.0,5.0,5.0,0.0,0.34169862,0.0,1.0,5398.0,145.0
32.0,32.0,5.0,5.0,0.0,0.46420091,0.0,0.0,377.0,0.0
555.0,535.0,14.0,14.0,0.0,1.23855288,20.0,7.0,27728.0,1836.0
25.0,25.0,4.0,4.0,0.0,0.35309589,0.0,2.0,1138.0,22.0
270.0,270.0,42.0,42.0,0.0,1.59710844,0.0,4.0,47588.0,688.0
50.0,37.0,7.0,7.0,0.0,0.49085942,13.0,1.0,8806.0,571.0
24.0,24.0,4.0,4.0,0.0,0.13367579999999998,0.0,1.0,1947.0,10.0
6231.0,6809.0,659.0,659.0,445.0,12.53928709,-578.0,124.0,1065250.0,13527.0
840.0,812.0,28.0,28.0,0.0,4.33030899,28.0,14.0,29651.0,334.0
13.0,13.0,2.0,2.0,0.0,0.12434141,0.0,1.0,2151.0,0.0
4262.0,3260.0,407.0,407.0,113.0,8.10946886,1002.0,103.0,926243.0,47156.0
201.0,166.0,29.0,29.0,0.0,0.58359274,35.0,6.0,8229.0,127.0
243.0,207.0,24.0,24.0,0.0,1.06069982,36.0,10.0,577880.0,10922.0
25.0,4.0,1.0,1.0,0.0,0.006164384,21.0,0.0,192.0,0.0
33.0,33.0,6.0,6.0,0.0,0.45330012,0.0,0.0,22672.0,884.0
32.0,32.0,6.0,6.0,0.0,0.072431505,0.0,0.0,6570.0,24.0
26.0,25.0,4.0,4.0,0.0,0.16482192,1.0,2.0,27226.0,2427.0
25.0,25.0,4.0,4.0,0.0,0.58739728,0.0,2.0,1215.0,0.0
148.0,148.0,13.0,13.0,0.0,0.37743428,0.0,4.0,22029.0,1642.0
137.0,92.0,7.0,7.0,0.0,0.25649196,45.0,2.0,43361.0,495.0
446.0,202.0,18.0,18.0,0.0,0.706050618,244.0,7.0,4036.0,4.0
63.0,63.0,11.0,11.0,0.0,0.28672035,0.0,2.0,6688.0,254.0
92.0,25.0,4.0,4.0,0.0,0.58341461,67.0,2.0,3131.0,58.0
166.0,110.0,12.0,12.0,0.0,0.49083439,56.0,2.0,11811.0,550.0
153.0,92.0,8.0,8.0,0.0,0.24562240000000002,61.0,2.0,14958.0,707.0
23.0,25.0,4.0,4.0,0.0,0.087013699,-2.0,1.0,68.0,0.0
714.0,714.0,40.0,40.0,0.0,1.51453626,0.0,7.0,117634.0,15663.0
4440.0,3950.0,427.0,427.0,136.0,8.89485189,490.0,116.0,1214407.0,44651.0
20.0,20.0,4.0,4.0,0.0,0.075479455,0.0,0.0,107.0,0.0
75.0,59.0,7.0,7.0,0.0,0.19925702,16.0,2.0,11597.0,130.0
364.0,329.0,24.0,24.0,0.0,1.59652772,35.0,8.0,107398.0,1883.0
15.0,15.0,1.0,1.0,0.0,0.22410959,0.0,2.0,6552.0,344.0
25.0,25.0,4.0,4.0,0.0,0.33457536,0.0,2.0,16491.0,133.0
25.0,25.0,4.0,4.0,0.0,0.18476713,0.0,1.0,1889.0,60.0
88.0,69.0,5.0,5.0,0.0,0.30763209,19.0,2.0,30702.0,812.0
385.0,302.0,43.0,43.0,0.0,2.61849999,83.0,12.0,61495.0,1338.0
25.0,25.0,4.0,4.0,0.0,0.34652054,0.0,2.0,1276.0,77.0
209.0,209.0,16.0,16.0,0.0,1.75155699,0.0,4.0,83721.0,6131.0
25.0,25.0,4.0,4.0,0.0,0.40021917,0.0,1.0,29758.0,483.0
25.0,25.0,4.0,4.0,0.0,0.17961644,0.0,2.0,2149.0,0.0
21.0,22.0,4.0,4.0,0.0,0.1392279,-1.0,1.0,5712.0,129.0
25.0,25.0,4.0,4.0,0.0,0.43671232,0.0,2.0,853.0,0.0
49.0,43.0,6.0,6.0,0.0,0.25281936,6.0,2.0,9904.0,371.0
99.0,49.0,21.0,21.0,0.0,0.65361071,50.0,4.0,9743.0,389.0
103.0,53.0,8.0,8.0,2.0,1.23779935,50.0,4.0,26425.0,281.0
691.0,432.0,47.0,47.0,6.0,1.38791748,259.0,12.0,62891.0,949.0
50.0,25.0,4.0,4.0,0.0,0.88646573,25.0,0.0,525.0,0.0
1023.0,852.0,97.0,97.0,0.0,1.64035102,171.0,28.0,594347.0,28687.0
300.0,300.0,21.0,21.0,0.0,0.43888584,0.0,11.0,10483.0,432.0
321.0,282.0,24.0,24.0,0.0,0.49932966,39.0,12.0,6669.0,60.0
641.0,464.0,104.0,104.0,20.0,1.7073078590000001,177.0,17.0,257260.0,17439.0
2055.0,609.0,44.0,44.0,36.0,2.50098235,1446.0,5.0,71989.0,1177.0
74.0,25.0,4.0,4.0,0.0,0.1800548,49.0,2.0,7442.0,223.0
2078.0,1634.0,105.0,105.0,16.0,2.326289149,444.0,16.0,290005.0,9414.0
2241.0,1993.0,167.0,167.0,87.0,5.52459815,248.0,60.0,327443.0,20660.0
42.0,42.0,7.0,7.0,0.0,0.2085415,0.0,0.0,1160.0,0.0
782.0,636.0,92.0,92.0,0.0,2.77124413,146.0,23.0,248829.0,4499.0
265.0,255.0,38.0,38.0,6.0,1.11123604,10.0,7.0,141371.0,5296.0
1528.0,1325.0,114.0,114.0,0.0,5.19512849,203.0,47.0,957233.0,80151.0
25.0,25.0,4.0,4.0,0.0,0.49073973,0.0,2.0,76608.0,3157.0
25.0,25.0,3.0,3.0,0.0,0.43605479999999996,0.0,2.0,5443.0,395.0
138.0,138.0,10.0,10.0,0.0,0.47661861,0.0,4.0,1491.0,86.0
150.0,122.0,23.0,23.0,0.0,0.90836671,28.0,6.0,7861.0,116.0
28.0,28.0,5.0,5.0,0.0,0.23796478,0.0,0.0,2474.0,146.0
18.0,10.0,2.0,2.0,0.0,0.14520548,8.0,0.0,780.0,87.0
392.0,193.0,21.0,21.0,14.0,0.87242457,199.0,4.0,10326.0,255.0
20.0,18.0,3.0,3.0,0.0,0.27488583,2.0,0.0,515.0,0.0
260.0,260.0,28.0,28.0,0.0,1.0262341,0.0,10.0,130624.0,9537.0
25.0,25.0,4.0,4.0,0.0,0.32230136,0.0,2.0,2562.0,0.0
131.0,131.0,24.0,24.0,0.0,0.38557798,0.0,5.0,31829.0,420.0
140.0,81.0,14.0,14.0,0.0,0.42531544,59.0,6.0,38716.0,3454.0
157.0,140.0,16.0,16.0,9.0,0.40608612,17.0,5.0,153165.0,4196.0
67.0,67.0,12.0,12.0,0.0,0.30770802,0.0,2.0,12737.0,389.0
25.0,25.0,4.0,4.0,0.0,0.32273972,0.0,2.0,1368.0,0.0
125.0,44.0,12.0,12.0,0.0,0.34324008,81.0,2.0,13721.0,561.0
109.0,74.0,7.0,7.0,0.0,0.33068381,35.0,2.0,32107.0,1242.0
191.0,150.0,15.0,15.0,0.0,0.81498986,41.0,4.0,43278.0,2662.0
25.0,30.0,5.0,5.0,0.0,0.83132422,-5.0,0.0,258.0,0.0
75.0,63.0,6.0,6.0,0.0,0.1100674,12.0,2.0,4366.0,0.0
590.0,576.0,96.0,96.0,16.0,2.139131077,14.0,35.0,10979.0,558.0
25.0,25.0,4.0,4.0,0.0,0.30005479,0.0,2.0,3392.0,0.0
60.0,44.0,4.0,4.0,0.0,0.30386052,16.0,2.0,16692.0,401.0
73.0,73.0,26.0,26.0,0.0,0.36829105,0.0,4.0,39960.0,2973.0
11.0,11.0,2.0,2.0,0.0,0.32826900000000003,0.0,0.0,445.0,0.0
25.0,15.0,3.0,3.0,0.0,0.50045663,10.0,2.0,8995.0,403.0
1146.0,988.0,74.0,74.0,14.0,4.12262204,158.0,29.0,301298.0,15424.0
65.0,38.0,7.0,7.0,0.0,0.26575342,27.0,2.0,8874.0,274.0
25.0,25.0,4.0,4.0,0.0,0.34487671,0.0,2.0,804.0,52.0
24.0,24.0,4.0,4.0,0.0,0.23299086,0.0,2.0,2434.0,138.0
49.0,41.0,7.0,7.0,0.0,0.4913175,8.0,0.0,1872.0,0.0
1733.0,1629.0,260.0,260.0,84.0,4.48558259,104.0,45.0,102197.0,915.0
24.0,24.0,4.0,4.0,0.0,0.31404111,0.0,1.0,989.0,0.0
164.0,120.0,10.0,10.0,0.0,0.37936509,44.0,3.0,134474.0,6241.0
401.0,401.0,12.0,12.0,0.0,1.14493137,0.0,8.0,63816.0,512.0
470.0,257.0,21.0,21.0,0.0,1.0893985240000001,213.0,8.0,54331.0,1758.0
261.0,150.0,190.0,190.0,0.0,0.44851142,111.0,10.0,27641.0,791.0
25.0,25.0,4.0,4.0,0.0,0.09271232800000001,0.0,1.0,664.0,0.0
101.0,86.0,10.0,10.0,0.0,0.44813636,15.0,3.0,38234.0,480.0
70.0,30.0,4.0,4.0,0.0,0.096438356,40.0,2.0,30029.0,946.0
228.0,160.0,24.0,24.0,0.0,2.07883492,68.0,9.0,1541.0,71.0
14.0,14.0,2.0,2.0,0.0,0.19432485,0.0,0.0,454.0,0.0
55.0,25.0,4.0,4.0,0.0,0.18389042,30.0,2.0,1219.0,79.0
792.0,757.0,75.0,75.0,55.0,3.14033515,35.0,23.0,7167.0,74.0
49.0,22.0,4.0,4.0,0.0,0.024283934,27.0,0.0,11677.0,708.0
1129.0,1114.0,75.0,75.0,55.0,6.5694652,15.0,32.0,123824.0,4621.0
25.0,25.0,4.0,4.0,0.0,0.3659178,0.0,2.0,2826.0,0.0
18.0,16.0,3.0,3.0,0.0,0.14434932,2.0,0.0,1024.0,0.0
35.0,25.0,4.0,4.0,0.0,0.13863014,10.0,0.0,9201.0,293.0
471.0,326.0,24.0,24.0,18.0,2.13892084,145.0,8.0,15106.0,501.0
174.0,174.0,15.0,15.0,0.0,0.35537711,0.0,3.0,272108.0,2771.0
271.0,281.0,41.0,41.0,0.0,1.1657541999999999,-10.0,6.0,26991.0,185.0
39.0,25.0,4.0,4.0,0.0,0.30202740000000006,14.0,2.0,22917.0,2867.0
176.0,57.0,10.0,10.0,0.0,0.62251885,119.0,2.0,10559.0,201.0
619.0,262.0,16.0,16.0,26.0,2.00312822,357.0,9.0,4872.0,70.0
70.0,47.0,3.0,3.0,0.0,0.10947245,23.0,2.0,13051.0,102.0
20.0,20.0,3.0,3.0,0.0,0.11397260000000001,0.0,0.0,413.0,0.0
25.0,25.0,4.0,4.0,0.0,0.16591781,0.0,2.0,4209.0,0.0
107.0,95.0,8.0,8.0,0.0,0.45009372,12.0,3.0,21864.0,1909.0
851.0,783.0,129.0,129.0,0.0,2.9079113,68.0,19.0,123809.0,2158.0
1096.0,1330.0,107.0,107.0,0.0,5.017854900000001,-234.0,38.0,1489813.0,94738.0
100.0,100.0,8.0,8.0,0.0,0.37367123,0.0,4.0,20568.0,350.0
2.0,2.0,4.0,4.0,0.0,0.27808219,0.0,0.0,1462.0,133.0
25.0,25.0,4.0,4.0,0.0,0.081753425,0.0,2.0,346.0,0.0
25.0,25.0,4.0,4.0,0.0,0.30399999,0.0,1.0,933.0,0.0
30.0,30.0,5.0,5.0,0.0,0.12648402,0.0,2.0,1877.0,94.0
567.0,507.0,52.0,52.0,0.0,2.0367013,60.0,13.0,428756.0,14116.0
33.0,25.0,4.0,4.0,0.0,0.35254794,8.0,2.0,1500.0,0.0
42.0,42.0,6.0,6.0,0.0,0.48016437,0.0,2.0,21016.0,408.0
16.0,13.0,2.0,2.0,0.0,0.17702845,3.0,0.0,3894.0,0.0
0.0,0.0,0.0,0.0,0.0,0.0,0.0,0.0,86582.0,3207.0
2527.0,2096.0,231.0,231.0,40.0,6.19824848,431.0,54.0,171249.0,16438.0
612.0,507.0,85.0,85.0,16.0,2.526666919,105.0,27.0,143599.0,2842.0
13.0,13.0,2.0,2.0,0.0,0.17133825,0.0,0.0,441.0,0.0
88.0,88.0,15.0,15.0,0.0,0.23758972,0.0,2.0,3059.0,118.0
36.0,36.0,6.0,6.0,0.0,0.0,0.0,0.0,5014.0,120.0
133.0,133.0,10.0,10.0,0.0,0.28738284,0.0,2.0,1794.0,115.0
25.0,25.0,4.0,4.0,0.0,0.27682191,0.0,1.0,1729.0,322.0
99.0,99.0,10.0,10.0,0.0,0.64975786,0.0,5.0,38744.0,594.0
909.0,795.0,100.0,100.0,0.0,4.59789775,114.0,29.0,479018.0,33337.0
25.0,25.0,4.0,4.0,0.0,0.54871231,0.0,2.0,4212.0,56.0
25.0,15.0,3.0,3.0,0.0,0.43178082,10.0,1.0,10835.0,603.0
17.0,17.0,2.0,2.0,0.0,0.26881546,0.0,1.0,5194.0,123.0
25.0,15.0,3.0,3.0,0.0,0.56529683,10.0,2.0,7132.0,45.0
42.0,42.0,7.0,7.0,0.0,0.13881278,0.0,2.0,19258.0,1908.0
115.0,64.0,6.0,6.0,0.0,0.97365298,51.0,2.0,979.0,0.0
65.0,41.0,6.0,6.0,0.0,0.25706649,24.0,2.0,5126.0,2.0
25.0,25.0,5.0,5.0,0.0,0.068273969,0.0,2.0,23032.0,202.0
71.0,39.0,5.0,5.0,0.0,0.93656358,32.0,2.0,27119.0,114.0
200.0,127.0,10.0,10.0,0.0,1.38522807,73.0,3.0,27799.0,930.0
383.0,300.0,22.0,22.0,0.0,0.5115702999999999,83.0,6.0,32104.0,474.0
20.0,20.0,4.0,4.0,0.0,0.4604452,0.0,2.0,6.0,0.0
327.0,294.0,28.0,28.0,0.0,0.97588044,33.0,9.0,10501.0,255.0
62.0,45.0,5.0,5.0,0.0,0.73942161,17.0,1.0,1674.0,0.0
580.0,494.0,51.0,51.0,36.0,1.64492362,86.0,20.0,18014.0,250.0
45.0,25.0,3.0,3.0,0.0,0.56723285,20.0,2.0,1544.0,0.0
408.0,245.0,35.0,35.0,0.0,1.04800331,163.0,8.0,8885.0,152.0
25.0,25.0,4.0,4.0,0.0,0.26465753,0.0,1.0,2029.0,0.0
133.0,105.0,12.0,12.0,0.0,0.54961514,28.0,4.0,71108.0,1650.0
567.0,344.0,38.0,38.0,8.0,2.175260603,223.0,13.0,108435.0,5623.0
47.0,47.0,5.0,5.0,0.0,0.34607986,0.0,2.0,54108.0,167.0
34.0,30.0,5.0,5.0,0.0,0.13105023,4.0,2.0,7564.0,78.0
24.0,25.0,4.0,4.0,0.0,0.075068496,-1.0,0.0,1099.0,0.0
130.0,130.0,1.0,1.0,0.0,0.17808220000000002,0.0,0.0,9916.0,64.0
25.0,25.0,4.0,4.0,0.0,0.17830136,0.0,2.0,4892.0,195.0
40.0,40.0,4.0,4.0,0.0,0.44719177,0.0,2.0,7019.0,89.0
2637.0,2259.0,195.0,195.0,199.0,4.23674477,378.0,63.0,181758.0,3538.0
127.0,127.0,10.0,10.0,0.0,0.35739401,0.0,3.0,14909.0,265.0
2987.0,2157.0,261.0,261.0,152.0,4.68961081,830.0,41.0,191979.0,6786.0
25.0,23.0,4.0,4.0,0.0,0.17569982,2.0,0.0,864.0,0.0
268.0,254.0,25.0,25.0,0.0,0.8918891,14.0,6.0,10112.0,159.0
389.0,274.0,27.0,27.0,0.0,1.16133035,115.0,6.0,131957.0,3273.0
25.0,25.0,4.0,4.0,0.0,0.22115068,0.0,1.0,4744.0,184.0
78.0,48.0,5.0,5.0,0.0,0.31187215,30.0,2.0,1427.0,8.0
4207.0,3348.0,483.0,483.0,112.0,7.82386402,859.0,68.0,978988.0,34036.0
25.0,25.0,4.0,4.0,0.0,0.17523287,0.0,2.0,2974.0,81.0
4758.0,3598.0,334.0,334.0,237.0,7.01346488,1160.0,173.0,4564185.0,277116.0
25.0,25.0,4.0,4.0,0.0,0.35528767,0.0,0.0,14820.0,1054.0
18.0,18.0,3.0,3.0,0.0,0.17686453,0.0,1.0,245.0,0.0
45.0,36.0,6.0,6.0,0.0,0.078386605,9.0,1.0,6131.0,0.0
163.0,99.0,10.0,10.0,0.0,0.64345578,64.0,2.0,17102.0,195.0
236.0,127.0,16.0,16.0,0.0,0.61183792,109.0,4.0,8160.0,97.0
45.0,45.0,6.0,6.0,0.0,0.398965,0.0,2.0,4524.0,0.0
225.0,245.0,48.0,48.0,0.0,0.66139221,-20.0,16.0,219758.0,6784.0
1151.0,1051.0,125.0,125.0,44.0,2.82767766,100.0,43.0,259240.0,27291.0
25.0,21.0,4.0,4.0,0.0,0.7932474,4.0,0.0,487.0,0.0
25.0,25.0,4.0,4.0,0.0,0.19013698,0.0,0.0,1356.0,0.0
49.0,49.0,9.0,9.0,0.0,0.0,0.0,0.0,4266.0,0.0
69.0,40.0,8.0,8.0,0.0,0.33267123,29.0,2.0,8026.0,46.0
396.0,336.0,27.0,27.0,0.0,0.91918629,60.0,7.0,33820.0,1212.0
182.0,169.0,7.0,7.0,0.0,1.05486291,13.0,2.0,4024.0,180.0
306.0,231.0,14.0,14.0,0.0,1.2814948,75.0,9.0,24615.0,334.0
278.0,217.0,19.0,19.0,0.0,2.55069864,61.0,10.0,79581.0,3186.0
4059.0,4059.0,467.0,467.0,244.0,10.65177744,0.0,156.0,1075339.0,64614.0
305.0,280.0,48.0,48.0,0.0,1.05179515,25.0,7.0,3133.0,9.0
165.0,164.0,7.0,7.0,0.0,1.05309767,1.0,3.0,36201.0,1916.0
468.0,456.0,28.0,28.0,0.0,0.9892847,12.0,7.0,45971.0,317.0
516.0,516.0,79.0,79.0,14.0,3.123201627,0.0,10.0,132431.0,4010.0
25.0,25.0,4.0,4.0,0.0,0.097643837,0.0,2.0,1060.0,42.0
43.0,43.0,4.0,4.0,0.0,1.40275192,0.0,2.0,61342.0,2686.0
270.0,260.0,21.0,21.0,0.0,1.16465684,10.0,10.0,195268.0,12801.0
115.0,87.0,28.0,28.0,0.0,0.37228784,28.0,2.0,33562.0,3635.0
145.0,145.0,12.0,12.0,0.0,0.25003305,0.0,4.0,93788.0,1919.0
100.0,66.0,7.0,7.0,0.0,0.52569532,34.0,3.0,38905.0,355.0
715.0,607.0,51.0,51.0,7.0,1.5211145000000001,108.0,19.0,72732.0,6211.0
25.0,25.0,6.0,6.0,0.0,0.34191781,0.0,2.0,4620.0,164.0
25.0,21.0,4.0,4.0,0.0,0.21669929,4.0,1.0,2297.0,0.0
48.0,50.0,7.0,7.0,0.0,0.43758904,-2.0,3.0,13512.0,152.0
25.0,25.0,4.0,4.0,0.0,0.40186301,0.0,2.0,2592.0,122.0
372.0,265.0,22.0,22.0,0.0,1.11941322,107.0,5.0,61984.0,2058.0
59.0,59.0,10.0,10.0,0.0,0.42790806,0.0,2.0,10388.0,378.0
18.0,16.0,3.0,3.0,0.0,0.34195206,2.0,1.0,442.0,0.0
41.0,41.0,7.0,7.0,0.0,0.53634933,0.0,1.0,207.0,0.0
81.0,38.0,7.0,7.0,0.0,0.18045112,43.0,2.0,2259.0,0.0
47.0,47.0,8.0,8.0,0.0,0.76008964,0.0,4.0,4753.0,585.0
186.0,260.0,46.0,46.0,0.0,0.42149544,-74.0,3.0,10500.0,334.0
97.0,97.0,8.0,8.0,0.0,0.43807372,0.0,3.0,35192.0,578.0
124.0,94.0,10.0,10.0,0.0,0.20720023,30.0,2.0,16797.0,620.0
25.0,25.0,4.0,4.0,0.0,0.28,0.0,0.0,1110.0,116.0
254.0,250.0,23.0,23.0,10.0,2.18677628,4.0,9.0,59431.0,1144.0
135.0,99.0,8.0,8.0,0.0,0.66068906,36.0,5.0,8442.0,353.0
25.0,25.0,4.0,4.0,0.0,0.26071233,0.0,1.0,738.0,0.0
20.0,20.0,3.0,3.0,0.0,0.20054795,0.0,1.0,313.0,0.0
25.0,25.0,4.0,4.0,0.0,0.37709588,0.0,0.0,16485.0,1794.0
80.0,80.0,6.0,6.0,4.0,1.23166061,0.0,2.0,20062.0,650.0
19.0,18.0,3.0,3.0,0.0,0.18736681,1.0,2.0,2089.0,0.0
25.0,25.0,4.0,4.0,0.0,0.38454795,0.0,2.0,5706.0,327.0
142.0,120.0,28.0,28.0,6.0,0.49763113,22.0,5.0,16468.0,227.0
192.0,95.0,9.0,9.0,0.0,0.65912038,97.0,5.0,41325.0,3765.0
15722.0,13113.0,1626.0,1626.0,635.0,33.70255063,2609.0,347.0,2600227.0,35171.0
314.0,246.0,46.0,46.0,10.0,1.0958404,68.0,5.0,24073.0,1567.0
25.0,25.0,4.0,4.0,0.0,0.19441096,0.0,0.0,3319.0,3.0
1229.0,1254.0,139.0,139.0,0.0,4.6061289080000005,-25.0,47.0,793360.0,87921.0
31.0,25.0,6.0,6.0,0.0,0.46531507,6.0,2.0,2338.0,0.0
88.0,88.0,12.0,12.0,0.0,0.37867373,0.0,2.0,10808.0,25.0
100.0,47.0,8.0,8.0,0.0,0.11670067,53.0,2.0,52158.0,382.0
24.0,20.0,3.0,3.0,0.0,0.23342466,4.0,2.0,21356.0,638.0
189.0,166.0,18.0,18.0,0.0,0.77641977,23.0,9.0,78823.0,1657.0
56.0,56.0,8.0,8.0,0.0,0.32064578,0.0,2.0,14192.0,125.0
134.0,49.0,12.0,12.0,0.0,0.29046687,85.0,2.0,2860.0,0.0
22.0,24.0,4.0,4.0,0.0,0.1902968,-2.0,1.0,14420.0,37.0
830.0,746.0,84.0,84.0,15.0,1.4043618759999998,84.0,17.0,342965.0,10412.0
19.0,19.0,3.0,3.0,0.0,0.24383561,0.0,0.0,3191.0,286.0
18.0,18.0,3.0,3.0,0.0,0.0027397259999999996,0.0,0.0,312.0,0.0
376.0,376.0,30.0,30.0,0.0,1.51578373,0.0,6.0,26421.0,567.0
146.0,59.0,8.0,8.0,0.0,0.40338984,87.0,2.0,69891.0,419.0
25.0,16.0,3.0,3.0,0.0,0.59075344,9.0,0.0,7050.0,0.0
49.0,49.0,6.0,6.0,0.0,0.35113224,0.0,2.0,20811.0,968.0
25.0,25.0,4.0,4.0,0.0,0.35967124,0.0,2.0,6678.0,2.0
36.0,32.0,3.0,3.0,0.0,0.40360553,4.0,2.0,32906.0,800.0
25.0,11.0,2.0,2.0,0.0,0.22266501,14.0,1.0,628.0,0.0
49.0,49.0,4.0,4.0,0.0,0.34593233,0.0,2.0,2944.0,217.0
25.0,25.0,4.0,4.0,0.0,0.27068493,0.0,2.0,8.0,0.0
25.0,25.0,4.0,4.0,0.0,0.085260272,0.0,0.0,102287.0,2116.0
1159.0,994.0,93.0,93.0,43.0,2.37126899,165.0,26.0,42442.0,2914.0
155.0,127.0,6.0,6.0,0.0,0.095178515,28.0,2.0,8353.0,262.0
24.0,24.0,4.0,4.0,0.0,0.20308219,0.0,2.0,5861.0,423.0
1572.0,1479.0,116.0,116.0,75.0,2.74610401,93.0,41.0,200057.0,14002.0
822.0,1106.0,143.0,143.0,26.0,3.49964524,-284.0,48.0,32701.0,1689.0
70.0,42.0,7.0,7.0,0.0,0.33313763,28.0,2.0,4694.0,119.0
188.0,63.0,12.0,12.0,0.0,0.38174844,125.0,3.0,11007.0,983.0
3941.0,3568.0,298.0,298.0,109.0,10.66566002,373.0,132.0,4415293.0,196418.0
25.0,25.0,4.0,4.0,0.0,0.044273973,0.0,0.0,1102.0,0.0
125.0,100.0,8.0,8.0,0.0,0.12287671,25.0,3.0,7631.0,47.0
97.0,118.0,12.0,12.0,0.0,0.62856203,-21.0,2.0,11488.0,316.0
1346.0,1243.0,98.0,98.0,49.0,2.6799882999999998,103.0,67.0,463373.0,20276.0
1542.0,1312.0,128.0,128.0,33.0,3.70952016,230.0,35.0,162442.0,8465.0
118.0,90.0,8.0,8.0,0.0,0.22590563,28.0,3.0,11514.0,834.0
1241.0,1031.0,148.0,148.0,45.0,5.20652092,210.0,26.0,481808.0,29943.0
25.0,25.0,4.0,4.0,0.0,0.12493151,0.0,2.0,7881.0,341.0
25.0,25.0,3.0,3.0,0.0,0.31660274,0.0,2.0,20841.0,10.0
98.0,68.0,10.0,10.0,0.0,0.60958776,30.0,3.0,8125.0,117.0
83.0,78.0,4.0,4.0,0.0,0.2599166,5.0,2.0,247.0,0.0
205.0,95.0,10.0,10.0,0.0,0.15971161,110.0,2.0,2758.0,144.0
15.0,9.0,2.0,2.0,0.0,0.29315069,6.0,0.0,158.0,3.0
25.0,25.0,4.0,4.0,0.0,0.84197259,0.0,2.0,5309.0,0.0
449.0,402.0,76.0,76.0,28.0,1.071376785,47.0,6.0,35591.0,909.0
691.0,405.0,50.0,50.0,27.0,0.65292871,286.0,9.0,213557.0,16120.0
106.0,106.0,7.0,7.0,0.0,0.46805376,0.0,2.0,4235.0,0.0
25.0,25.0,4.0,4.0,0.0,0.34487671,0.0,2.0,18349.0,55.0
72.0,44.0,7.0,7.0,0.0,0.18711084,28.0,2.0,45087.0,1969.0
40.0,25.0,4.0,4.0,0.0,0.49676713,15.0,2.0,1495.0,103.0
99.0,99.0,18.0,18.0,0.0,0.90446937,0.0,3.0,32000.0,510.0
56.0,56.0,7.0,7.0,0.0,0.31560665,0.0,3.0,7364.0,114.0
25.0,25.0,4.0,4.0,0.0,0.44920549,0.0,2.0,16321.0,58.0
92.0,92.0,5.0,5.0,0.0,1.67954081,0.0,2.0,30017.0,992.0
119.0,109.0,6.0,6.0,0.0,2.05205833,10.0,2.0,18655.0,716.0
189.0,90.0,11.0,11.0,0.0,0.32453576,99.0,4.0,5007.0,216.0
119.0,101.0,10.0,10.0,0.0,0.39753154,18.0,3.0,58769.0,1597.0
25.0,25.0,4.0,4.0,0.0,0.62060273,0.0,2.0,926.0,0.0
191.0,177.0,19.0,19.0,0.0,0.44239826,14.0,6.0,33312.0,1394.0
1163.0,81.0,4.0,4.0,0.0,1.12777559,1082.0,0.0,8707.0,395.0
500.0,411.0,72.0,72.0,0.0,1.25366896,89.0,14.0,26438.0,443.0
130.0,119.0,13.0,13.0,6.0,0.77318573,11.0,3.0,33064.0,2817.0
19.0,19.0,3.0,3.0,0.0,0.22379236,0.0,1.0,57.0,0.0
944.0,820.0,45.0,45.0,0.0,2.3651582,124.0,11.0,493788.0,45380.0
25.0,25.0,4.0,4.0,0.0,0.24810959,0.0,2.0,21966.0,721.0
25.0,25.0,4.0,4.0,0.0,0.21731506,0.0,1.0,2715.0,0.0
83.0,61.0,4.0,4.0,0.0,1.31309592,22.0,1.0,4735.0,30.0
34.0,34.0,6.0,6.0,0.0,0.12046736,0.0,2.0,5573.0,101.0
2155.0,1643.0,128.0,128.0,75.0,3.79687077,512.0,59.0,915865.0,67314.0
25.0,25.0,4.0,4.0,0.0,0.42487672,0.0,1.0,12020.0,1183.0
183.0,116.0,10.0,10.0,0.0,0.52765709,67.0,4.0,50154.0,3699.0
45.0,45.0,8.0,8.0,0.0,0.20091324,0.0,2.0,2763.0,16.0
12.0,12.0,2.0,2.0,0.0,0.38789955,0.0,2.0,514.0,0.0
2731.0,2810.0,155.0,155.0,112.0,6.704405368,-79.0,37.0,72047.0,1343.0
229.0,185.0,11.0,11.0,0.0,1.76469908,44.0,2.0,9687.0,315.0
517.0,466.0,69.0,69.0,15.0,1.31874495,51.0,13.0,38897.0,740.0
54.0,33.0,4.0,4.0,0.0,0.37592363,21.0,2.0,25990.0,281.0
22.0,22.0,4.0,4.0,0.0,0.12739725,0.0,0.0,2144.0,0.0
12.0,12.0,2.0,2.0,0.0,0.22123288,0.0,0.0,414.0,0.0
99.0,49.0,9.0,9.0,0.0,0.36186749,50.0,1.0,7303.0,24.0
25.0,25.0,4.0,4.0,0.0,0.28142467,0.0,0.0,3594.0,43.0
48.0,48.0,8.0,8.0,0.0,0.17071918,0.0,2.0,44433.0,448.0
35.0,25.0,4.0,4.0,0.0,0.43090412,10.0,1.0,13685.0,103.0
25.0,25.0,5.0,5.0,0.0,0.39035615,0.0,2.0,2446.0,0.0
50.0,34.0,6.0,6.0,0.0,0.74931989,16.0,1.0,1021.0,27.0
6.0,6.0,1.0,1.0,0.0,0.10639269999999999,0.0,1.0,389.0,0.0
65.0,46.0,4.0,4.0,0.0,0.15211435,19.0,2.0,3118.0,98.0
769.0,709.0,43.0,43.0,0.0,2.79391871,60.0,15.0,33638.0,892.0
102.0,97.0,18.0,18.0,0.0,0.97110433,5.0,6.0,33952.0,169.0
181.0,181.0,10.0,10.0,0.0,0.14887856,0.0,2.0,19350.0,493.0
1736.0,1579.0,145.0,145.0,45.0,2.53498785,157.0,41.0,349278.0,9012.0
40.0,40.0,7.0,7.0,0.0,0.070479453,0.0,1.0,15895.0,565.0
3136.0,2930.0,430.0,430.0,269.0,11.90583674,206.0,63.0,765705.0,12087.0
16.0,16.0,3.0,3.0,0.0,0.21815069,0.0,0.0,60.0,0.0
514.0,460.0,62.0,62.0,1.0,1.86516649,54.0,9.0,111228.0,1234.0
25.0,25.0,4.0,4.0,0.0,0.36449316,0.0,2.0,5264.0,135.0
25.0,25.0,4.0,4.0,0.0,0.43857536,0.0,2.0,1933.0,98.0
47.0,24.0,4.0,4.0,0.0,0.19303653,23.0,0.0,2235.0,0.0
35.0,35.0,6.0,6.0,0.0,0.10559687,0.0,0.0,3783.0,111.0
452.0,246.0,25.0,25.0,0.0,0.60103577,206.0,11.0,105281.0,2761.0
25.0,25.0,4.0,4.0,0.0,0.84558904,0.0,0.0,123.0,0.0
25.0,25.0,4.0,4.0,0.0,0.83123291,0.0,0.0,10.0,0.0
41.0,41.0,4.0,4.0,0.0,0.52796525,0.0,3.0,12904.0,272.0
25.0,25.0,4.0,4.0,0.0,0.18783562,0.0,1.0,2091.0,0.0
45.0,39.0,5.0,5.0,0.0,0.50165087,6.0,2.0,7150.0,254.0
25.0,24.0,4.0,4.0,0.0,0.15890411,1.0,0.0,266.0,0.0
30.0,21.0,4.0,4.0,0.0,0.06575342299999999,9.0,0.0,21196.0,666.0
67.0,49.0,9.0,9.0,0.0,0.55789769,18.0,2.0,8302.0,946.0
20.0,20.0,3.0,3.0,0.0,0.14589041,0.0,0.0,931.0,0.0
25.0,25.0,4.0,4.0,0.0,0.1469589,0.0,2.0,8217.0,542.0
1070.0,710.0,64.0,64.0,34.0,4.65550346,360.0,16.0,116800.0,3366.0
14.0,14.0,2.0,2.0,0.0,0.077299416,0.0,0.0,48.0,0.0
594.0,464.0,24.0,24.0,0.0,1.98928239,130.0,7.0,14478.0,922.0
25.0,25.0,4.0,4.0,0.0,0.35156164,0.0,1.0,2470.0,0.0
49.0,44.0,8.0,8.0,0.0,0.18007472,5.0,2.0,10266.0,261.0
25.0,25.0,4.0,4.0,0.0,0.40120548,0.0,0.0,1970.0,0.0
121.0,99.0,12.0,12.0,0.0,0.230953605,22.0,4.0,3733.0,85.0
51.0,35.0,6.0,6.0,0.0,0.37369863,16.0,3.0,1315.0,85.0
50.0,25.0,6.0,6.0,0.0,0.25128767,25.0,2.0,12194.0,110.0
25.0,25.0,4.0,4.0,0.0,0.29983562,0.0,1.0,1637.0,0.0
25.0,25.0,4.0,4.0,0.0,0.71693152,0.0,0.0,358.0,0.0
93.0,47.0,7.0,7.0,0.0,0.37161177,46.0,2.0,26300.0,184.0
41.0,41.0,7.0,7.0,0.0,0.15352740199999998,0.0,0.0,1662.0,0.0
886.0,754.0,50.0,50.0,16.0,1.70327548,132.0,24.0,329231.0,22267.0
1527.0,1327.0,114.0,114.0,0.0,7.0434942,200.0,32.0,891604.0,84148.0
283.0,230.0,38.0,38.0,0.0,0.45824894,53.0,5.0,9900.0,233.0
10.0,10.0,2.0,2.0,0.0,0.20356165,0.0,0.0,1323.0,0.0
284.0,330.0,19.0,19.0,0.0,1.25567701,-46.0,7.0,36309.0,544.0
25.0,25.0,4.0,4.0,0.0,0.23309588,0.0,2.0,5196.0,0.0
25.0,25.0,4.0,4.0,0.0,0.0889863,0.0,0.0,892.0,109.0
402.0,412.0,56.0,56.0,13.0,0.67233676,-10.0,14.0,36001.0,1092.0
1128.0,982.0,151.0,151.0,51.0,3.06232291,146.0,31.0,52831.0,2772.0
739.0,590.0,85.0,85.0,0.0,2.25649029,149.0,14.0,57843.0,1330.0
1807.0,1861.0,288.0,288.0,0.0,5.74129552,-54.0,54.0,157875.0,2334.0
39.0,39.0,4.0,4.0,0.0,0.22381455,0.0,2.0,7800.0,599.0
419.0,206.0,33.0,33.0,0.0,1.82385883,213.0,8.0,3455.0,11.0
427.0,328.0,21.0,21.0,0.0,0.69676584,99.0,5.0,99961.0,3746.0
59.0,25.0,4.0,4.0,0.0,0.58597261,34.0,2.0,11810.0,698.0
50.0,50.0,5.0,5.0,0.0,0.17747945,0.0,2.0,8890.0,113.0
375.0,292.0,57.0,57.0,0.0,0.76703096,83.0,10.0,27210.0,438.0
49.0,49.0,9.0,9.0,0.0,0.22298016,0.0,2.0,4797.0,0.0
66.0,66.0,2.0,2.0,0.0,1.06409088,0.0,2.0,22190.0,1166.0
301.0,266.0,20.0,20.0,0.0,0.45324457,35.0,5.0,61064.0,1223.0
106.0,85.0,11.0,11.0,0.0,1.69720862,21.0,4.0,35414.0,272.0
30.0,26.0,6.0,6.0,0.0,0.28545839,4.0,2.0,21189.0,234.0
20.0,20.0,3.0,3.0,0.0,0.13780822,0.0,0.0,426.0,0.0
25.0,25.0,7.0,7.0,0.0,0.50421917,0.0,3.0,13541.0,692.0
25.0,25.0,4.0,4.0,0.0,0.36471233,0.0,2.0,30546.0,1615.0
25.0,25.0,4.0,4.0,0.0,0.22487672,0.0,1.0,1488.0,0.0
337.0,301.0,21.0,21.0,13.0,0.90316123,36.0,5.0,50751.0,514.0
152.0,99.0,10.0,10.0,0.0,0.35527882,53.0,3.0,7576.0,127.0
100.0,89.0,16.0,16.0,0.0,0.53493027,11.0,4.0,13653.0,124.0
25.0,25.0,4.0,4.0,0.0,0.22038355,0.0,2.0,2461.0,110.0
37.0,37.0,6.0,6.0,0.0,0.11743799,0.0,2.0,10765.0,182.0
343.0,293.0,41.0,41.0,12.0,1.28204607,50.0,9.0,111921.0,1046.0
25.0,25.0,4.0,4.0,0.0,0.25249314,0.0,2.0,1076.0,0.0
50.0,50.0,8.0,8.0,0.0,0.33726028,0.0,2.0,3302.0,146.0
68.0,32.0,6.0,6.0,0.0,0.33321917,36.0,2.0,2601.0,15.0
304.0,304.0,24.0,24.0,0.0,0.71379977,0.0,7.0,77193.0,1395.0
30.0,12.0,2.0,2.0,0.0,0.071689501,18.0,0.0,7191.0,169.0
179.0,179.0,25.0,25.0,13.0,1.07812319,0.0,6.0,29291.0,1450.0
120.0,85.0,4.0,4.0,0.0,1.0619452,35.0,0.0,4408.0,57.0
1902.0,1767.0,418.0,418.0,104.0,4.66809801,135.0,50.0,434501.0,5386.0
25.0,25.0,4.0,4.0,0.0,0.34147945,0.0,2.0,9630.0,556.0
25.0,25.0,4.0,4.0,0.0,0.21216439,0.0,2.0,49291.0,209.0
21.0,21.0,4.0,4.0,0.0,0.26183954,0.0,0.0,2589.0,175.0
185.0,148.0,23.0,23.0,0.0,0.61067084,37.0,6.0,5545.0,88.0
243.0,231.0,19.0,19.0,0.0,1.44718057,12.0,16.0,99941.0,4932.0
52.0,52.0,6.0,6.0,0.0,0.69910431,0.0,3.0,8553.0,427.0
25.0,25.0,4.0,4.0,0.0,0.12854795,0.0,1.0,2471.0,71.0
1376.0,1059.0,167.0,167.0,38.0,2.13055647,317.0,30.0,208872.0,8082.0
1062.0,1103.0,103.0,103.0,57.0,4.42909712,-41.0,32.0,144164.0,910.0
99.0,25.0,4.0,4.0,0.0,0.20054795,74.0,1.0,9806.0,53.0
292.0,202.0,22.0,22.0,0.0,0.93661323,90.0,9.0,12437.0,173.0
189.0,82.0,16.0,16.0,0.0,0.56343673,107.0,5.0,9495.0,805.0
50.0,50.0,8.0,8.0,0.0,0.70958904,0.0,4.0,308.0,0.0
4062.0,3304.0,353.0,353.0,220.0,11.38247715,758.0,84.0,855495.0,15263.0
25.0,14.0,2.0,2.0,0.0,0.29667318,11.0,1.0,1098.0,0.0
392.0,297.0,27.0,27.0,16.0,0.60888356,95.0,7.0,39503.0,2235.0
74.0,53.0,4.0,4.0,0.0,0.75418706,21.0,4.0,4528.0,125.0
338.0,318.0,24.0,24.0,0.0,1.5387336,20.0,9.0,101816.0,1051.0
54.0,52.0,6.0,6.0,0.0,0.53508955,2.0,2.0,5663.0,7.0
16.0,16.0,3.0,3.0,0.0,0.19640411,0.0,0.0,5.0,0.0
503.0,459.0,42.0,42.0,16.0,1.93854052,44.0,20.0,85401.0,3260.0
50.0,48.0,8.0,8.0,0.0,0.63642642,2.0,3.0,7666.0,306.0
22.0,22.0,4.0,4.0,0.0,0.16239104,0.0,0.0,6988.0,338.0
762.0,762.0,111.0,111.0,22.0,2.49737793,0.0,9.0,15537.0,0.0
138.0,126.0,12.0,12.0,0.0,0.93998715,12.0,4.0,25834.0,603.0
2185.0,1950.0,367.0,367.0,78.0,6.13711097,235.0,73.0,125902.0,2305.0
815.0,815.0,38.0,38.0,64.0,1.42348391,0.0,16.0,283019.0,4408.0
25.0,25.0,4.0,4.0,0.0,0.43243834,0.0,2.0,6355.0,0.0
152.0,131.0,10.0,10.0,0.0,0.22577055,21.0,2.0,8382.0,213.0
242.0,149.0,16.0,16.0,0.0,0.43295026,93.0,6.0,64073.0,5751.0
6026.0,4713.0,525.0,525.0,191.0,12.45136259,1313.0,93.0,1702808.0,37488.0
379.0,339.0,28.0,28.0,0.0,1.3858991000000003,40.0,6.0,37754.0,307.0
25.0,20.0,6.0,6.0,0.0,0.80904108,5.0,2.0,44196.0,508.0
50.0,33.0,5.0,5.0,0.0,0.83178085,17.0,0.0,36.0,0.0
132.0,123.0,12.0,12.0,0.0,0.37282547,9.0,4.0,7871.0,144.0
25.0,25.0,4.0,4.0,0.0,0.49654794,0.0,1.0,3551.0,132.0
21.0,21.0,4.0,4.0,0.0,0.25192434,0.0,1.0,18797.0,2396.0
493.0,441.0,51.0,51.0,10.0,1.72170258,52.0,15.0,70883.0,821.0
7639.0,5981.0,794.0,794.0,206.0,12.01491081,1658.0,143.0,613292.0,28942.0
25.0,25.0,4.0,4.0,0.0,0.3151781,0.0,2.0,4527.0,221.0
37.0,37.0,6.0,6.0,0.0,0.29283642,0.0,1.0,4509.0,0.0
593.0,441.0,101.0,101.0,17.0,1.48593474,152.0,9.0,81848.0,987.0
25.0,25.0,4.0,4.0,0.0,0.12942466,0.0,1.0,2134.0,0.0
1241.0,1240.0,99.0,99.0,49.0,2.66017896,1.0,24.0,124426.0,871.0
17.0,19.0,3.0,3.0,0.0,0.18731074,-2.0,1.0,470.0,0.0
50.0,50.0,6.0,6.0,0.0,0.39221917,0.0,4.0,1947.0,0.0
49.0,25.0,4.0,4.0,0.0,0.33632877,24.0,2.0,1201.0,74.0
1120.0,1067.0,68.0,68.0,27.0,2.35139003,53.0,19.0,133350.0,3801.0
356.0,208.0,27.0,27.0,0.0,0.952826352,148.0,6.0,11201.0,353.0
44.0,44.0,7.0,7.0,0.0,0.24732877,0.0,0.0,353.0,8.0
780.0,501.0,63.0,63.0,22.0,1.66108399,279.0,13.0,59261.0,274.0
238.0,175.0,4.0,4.0,0.0,0.9212145759999999,63.0,0.0,27350.0,211.0
43.0,43.0,0.0,0.0,0.0,0.38840395,0.0,0.0,6207.0,0.0
700.0,586.0,42.0,42.0,26.0,1.48818099,114.0,30.0,37342.0,1305.0
25.0,52.0,3.0,3.0,0.0,0.11359326,-27.0,2.0,1411.0,0.0
450.0,450.0,96.0,96.0,35.0,2.29387469,0.0,24.0,210942.0,4263.0
18.0,18.0,3.0,3.0,0.0,0.33926940000000005,0.0,1.0,450.0,0.0
965.0,821.0,56.0,56.0,44.0,1.66676569,144.0,22.0,101642.0,2757.0
0.0,0.0,4.0,4.0,0.0,0.0,0.0,0.0,5408.0,0.0
156.0,156.0,11.0,11.0,0.0,1.08374777,0.0,3.0,7409.0,124.0
232.0,232.0,6.0,6.0,0.0,1.07411292,0.0,2.0,6632.0,107.0
24.0,24.0,4.0,4.0,0.0,0.10696347,0.0,0.0,18879.0,303.0
19.0,19.0,3.0,3.0,0.0,0.14160058,0.0,0.0,185.0,0.0
4837.0,4650.0,611.0,611.0,305.0,12.89869996,187.0,107.0,1074767.0,22930.0
25.0,25.0,5.0,5.0,0.0,0.43488584,0.0,1.0,1421.0,96.0
568.0,528.0,12.0,12.0,0.0,1.33427441,40.0,3.0,8173.0,75.0
25.0,25.0,4.0,4.0,0.0,0.56054795,0.0,2.0,1571.0,8.0
18.0,18.0,3.0,3.0,0.0,0.1870624,0.0,1.0,49.0,0.0
826.0,631.0,84.0,84.0,51.0,3.02504952,195.0,26.0,261840.0,2028.0
665.0,665.0,64.0,64.0,0.0,1.12419289,0.0,6.0,19887.0,0.0
23.0,23.0,4.0,4.0,0.0,0.14020251,0.0,0.0,24350.0,37.0
25.0,40.0,7.0,7.0,0.0,0.27099302,-15.0,2.0,5670.0,0.0
55.0,55.0,7.0,7.0,0.0,0.17564134,0.0,2.0,5771.0,45.0
25.0,25.0,4.0,4.0,0.0,0.22071233,0.0,0.0,15774.0,793.0
143.0,143.0,0.0,0.0,0.0,0.0,0.0,0.0,13710.0,596.0
25.0,19.0,2.0,2.0,0.0,0.24498919,6.0,2.0,169.0,0.0
25.0,25.0,4.0,4.0,0.0,0.12328767,0.0,2.0,2372.0,114.0
86.0,70.0,12.0,12.0,0.0,0.37741682,16.0,2.0,4813.0,0.0
24.0,24.0,4.0,4.0,0.0,0.40810502,0.0,1.0,701.0,0.0
232.0,204.0,24.0,24.0,0.0,1.1216708999999998,28.0,5.0,9531.0,223.0
149.0,107.0,13.0,13.0,0.0,0.75166457,42.0,6.0,6386.0,0.0
1483.0,1306.0,120.0,120.0,13.0,3.40514879,177.0,32.0,622267.0,20263.0
419.0,419.0,25.0,25.0,13.0,1.35706585,0.0,12.0,112001.0,8492.0
48.0,48.0,10.0,10.0,0.0,0.43630138,0.0,3.0,20179.0,1093.0
114.0,70.0,10.0,10.0,0.0,0.5020352,44.0,3.0,12743.0,576.0
2497.0,1526.0,150.0,150.0,70.0,5.30140296,971.0,43.0,379156.0,7674.0
99.0,33.0,8.0,8.0,0.0,0.26162231,66.0,2.0,1521.0,15.0
11.0,11.0,2.0,2.0,0.0,0.20124532,0.0,0.0,534.0,0.0
49.0,39.0,6.0,6.0,0.0,0.51801896,10.0,3.0,4106.0,0.0
309.0,156.0,20.0,20.0,0.0,1.08150243,153.0,7.0,124572.0,13959.0
130.0,101.0,14.0,14.0,0.0,1.62601436,29.0,3.0,4657.0,109.0
21.0,21.0,4.0,4.0,0.0,0.08675798800000001,0.0,2.0,4834.0,110.0
267.0,183.0,19.0,19.0,0.0,2.33309113,84.0,8.0,204705.0,1906.0
14.0,14.0,2.0,2.0,0.0,0.045401175,0.0,0.0,658.0,0.0
12.0,12.0,2.0,2.0,0.0,0.10022831,0.0,0.0,1025.0,5.0
1797.0,1548.0,66.0,66.0,23.0,3.24731654,249.0,18.0,64520.0,1098.0
94.0,84.0,12.0,12.0,0.0,0.35877365,10.0,2.0,10597.0,0.0
339.0,295.0,32.0,32.0,0.0,1.21425476,44.0,9.0,151688.0,10062.0
25.0,25.0,4.0,4.0,0.0,0.32734248,0.0,1.0,1982.0,0.0
167.0,49.0,7.0,7.0,0.0,0.34939894,118.0,2.0,9854.0,465.0
188.0,176.0,24.0,24.0,0.0,1.85010737,12.0,5.0,273208.0,9077.0
124.0,124.0,8.0,8.0,0.0,0.6886434,0.0,2.0,4619.0,0.0
1351.0,1240.0,97.0,97.0,110.0,3.16549239,111.0,24.0,233028.0,2644.0
15.0,15.0,3.0,3.0,0.0,0.050320514000000004,0.0,0.0,61.0,0.0
53.0,25.0,4.0,4.0,0.0,0.19638357,28.0,2.0,3316.0,53.0
25.0,25.0,5.0,5.0,0.0,0.26389042,0.0,2.0,12531.0,430.0
100.0,90.0,4.0,4.0,0.0,0.46246576,10.0,3.0,78578.0,468.0
544.0,446.0,35.0,35.0,0.0,0.94813976,98.0,13.0,21690.0,1974.0
1043.0,828.0,113.0,113.0,60.0,4.87616254,215.0,29.0,200713.0,5870.0
315.0,159.0,18.0,18.0,0.0,0.4235231,156.0,4.0,34296.0,1006.0
25.0,25.0,4.0,4.0,0.0,0.1740274,0.0,2.0,9405.0,168.0
224.0,177.0,20.0,20.0,0.0,0.88078178,47.0,7.0,2887.0,18.0
1003.0,969.0,135.0,135.0,48.0,2.84636038,34.0,31.0,104493.0,4417.0
25.0,25.0,4.0,4.0,0.0,0.22673972,0.0,2.0,20352.0,292.0
42.0,42.0,5.0,5.0,0.0,0.39073712,0.0,2.0,4293.0,175.0
25.0,25.0,4.0,4.0,0.0,0.52879119,0.0,1.0,8475.0,264.0
500.0,460.0,27.0,27.0,0.0,0.80391699,40.0,20.0,116638.0,5529.0
25.0,25.0,4.0,4.0,0.0,0.089095891,0.0,1.0,1525.0,19.0
285.0,263.0,11.0,11.0,0.0,0.54084051,22.0,3.0,90861.0,9112.0
35.0,19.0,3.0,3.0,0.0,0.34980032,16.0,2.0,5001.0,0.0
42.0,29.0,5.0,5.0,0.0,0.14879547,13.0,1.0,17701.0,130.0
227.0,362.0,49.0,49.0,0.0,1.136491,-135.0,8.0,70698.0,3973.0
25.0,25.0,6.0,6.0,0.0,0.61479449,0.0,3.0,2412.0,214.0
95.0,89.0,18.0,18.0,0.0,1.05122784,6.0,2.0,16234.0,809.0
48.0,48.0,8.0,8.0,0.0,0.163988084,0.0,0.0,664.0,0.0
2259.0,2003.0,209.0,209.0,111.0,7.704175739,256.0,42.0,986815.0,49316.0
285.0,247.0,38.0,38.0,0.0,1.40830934,38.0,8.0,65181.0,661.0
12.0,12.0,2.0,2.0,0.0,0.44269407,0.0,0.0,130.0,0.0
49.0,25.0,2.0,2.0,0.0,0.26169863,24.0,1.0,1060.0,0.0
50.0,50.0,8.0,8.0,0.0,0.41720547,0.0,3.0,5713.0,198.0
218.0,127.0,10.0,10.0,0.0,0.85818425,91.0,4.0,8388.0,0.0
99.0,81.0,8.0,8.0,0.0,0.55560076,18.0,3.0,2396.0,59.0
111.0,102.0,10.0,10.0,0.0,1.030458133,9.0,4.0,3386.0,0.0
190.0,189.0,28.0,28.0,0.0,0.80652243,1.0,6.0,19065.0,12.0
25.0,25.0,0.0,0.0,0.0,0.29311475,0.0,0.0,1562.0,0.0
256.0,171.0,20.0,20.0,0.0,0.48259231,85.0,6.0,8897.0,189.0
23.0,23.0,4.0,4.0,0.0,0.11578321,0.0,0.0,916.0,38.0
108.0,102.0,8.0,8.0,0.0,0.69806606,6.0,10.0,89923.0,2896.0
262.0,262.0,20.0,20.0,0.0,0.99610933,0.0,11.0,39184.0,1198.0
78.0,78.0,8.0,8.0,0.0,0.89873508,0.0,3.0,21786.0,2114.0
25.0,25.0,3.0,3.0,0.0,0.24887671,0.0,2.0,374.0,35.0
1477.0,1435.0,105.0,105.0,18.0,3.23327716,42.0,25.0,319836.0,27281.0
164.0,111.0,20.0,20.0,0.0,0.60492072,53.0,5.0,55832.0,530.0
100.0,100.0,16.0,16.0,0.0,1.00800001,0.0,8.0,14810.0,64.0
25.0,25.0,4.0,4.0,0.0,0.45578083,0.0,2.0,6470.0,529.0
78.0,40.0,7.0,7.0,0.0,0.63984018,38.0,3.0,2748.0,192.0
54.0,54.0,8.0,8.0,0.0,0.44961947,0.0,4.0,7239.0,228.0
149.0,149.0,18.0,18.0,0.0,0.19773906,0.0,3.0,37425.0,4536.0
124.0,124.0,9.0,9.0,0.0,0.46791863,0.0,3.0,17240.0,246.0
3116.0,2476.0,280.0,280.0,176.0,7.67652252,640.0,55.0,111189.0,3001.0
23.0,42.0,7.0,7.0,0.0,0.25368559,-19.0,0.0,1451.0,0.0
17.0,17.0,3.0,3.0,0.0,0.20016116,0.0,1.0,867.0,0.0
278.0,278.0,34.0,34.0,0.0,0.71275142,0.0,9.0,48487.0,2166.0
25.0,25.0,4.0,4.0,0.0,0.53789955,0.0,0.0,12.0,0.0
25.0,25.0,4.0,4.0,0.0,0.62871236,0.0,0.0,254.0,0.0
39.0,39.0,6.0,6.0,0.0,0.28879523,0.0,2.0,1367.0,0.0
16.0,16.0,3.0,3.0,0.0,0.05428082099999999,0.0,0.0,624.0,3.0
25.0,25.0,4.0,4.0,0.0,0.36295891,0.0,2.0,22676.0,1886.0
50.0,50.0,8.0,8.0,0.0,1.06169865,0.0,1.0,67.0,0.0
35.0,25.0,4.0,4.0,0.0,0.32679453,10.0,2.0,9186.0,202.0
100.0,100.0,8.0,8.0,0.0,0.47471234,0.0,3.0,26706.0,47.0
34.0,34.0,6.0,6.0,0.0,0.1061241,0.0,1.0,34347.0,1863.0
229.0,206.0,14.0,14.0,0.0,1.02245957,23.0,6.0,45616.0,1066.0
60.0,44.0,8.0,8.0,0.0,0.20703611,16.0,2.0,41750.0,540.0
25.0,25.0,4.0,4.0,0.0,0.18049315,0.0,1.0,1016.0,0.0
265.0,221.0,28.0,28.0,6.0,2.15607455,44.0,9.0,36942.0,846.0
2161.0,1334.0,110.0,110.0,79.0,4.39383309,827.0,47.0,330604.0,5544.0
25.0,25.0,4.0,4.0,0.0,0.30838355,0.0,0.0,3936.0,120.0
49.0,49.0,8.0,8.0,0.0,0.17360917,0.0,2.0,44827.0,937.0
199.0,199.0,4.0,4.0,0.0,1.56263012,0.0,2.0,540.0,0.0
37.0,37.0,8.0,8.0,0.0,0.32165864,0.0,3.0,9899.0,349.0
290.0,225.0,14.0,14.0,0.0,0.46663904,65.0,4.0,26449.0,542.0
1544.0,1624.0,181.0,181.0,50.0,3.82321832,-80.0,34.0,420007.0,23777.0
139.0,128.0,16.0,16.0,0.0,0.60513579,11.0,4.0,3055.0,2.0
42.0,42.0,5.0,5.0,0.0,0.27038488,0.0,2.0,11744.0,1792.0
84.0,69.0,9.0,9.0,0.0,0.79165131,15.0,4.0,2097.0,50.0
35.0,35.0,6.0,6.0,0.0,0.37465754,0.0,1.0,676.0,0.0
30.0,30.0,2.0,2.0,0.0,0.2258317,0.0,0.0,19377.0,321.0
253.0,253.0,22.0,22.0,0.0,1.33452988,0.0,5.0,59230.0,4472.0
25.0,25.0,4.0,4.0,0.0,0.40701368,0.0,2.0,3280.0,0.0
18.0,25.0,4.0,4.0,0.0,0.11189041,-7.0,0.0,828.0,0.0
25.0,25.0,5.0,5.0,0.0,0.23550685,0.0,2.0,17572.0,2744.0
60.0,42.0,7.0,7.0,0.0,0.27071103,18.0,2.0,27606.0,267.0
60.0,60.0,11.0,11.0,0.0,0.54570776,0.0,3.0,69588.0,2656.0
1326.0,989.0,50.0,50.0,20.0,2.13056076,337.0,14.0,1482928.0,48273.0
748.0,693.0,70.0,70.0,64.0,1.8326745,55.0,20.0,61348.0,1127.0
35.0,35.0,6.0,6.0,0.0,0.30598825,0.0,2.0,859.0,0.0
144.0,25.0,4.0,4.0,0.0,0.23747945,119.0,0.0,518.0,0.0
95.0,81.0,15.0,15.0,0.0,0.57922586,14.0,2.0,5764.0,2.0
24.0,24.0,4.0,4.0,0.0,0.82283103,0.0,2.0,3580.0,144.0
680.0,647.0,39.0,39.0,25.0,1.89857251,33.0,13.0,73129.0,1095.0
0.0,0.0,0.0,0.0,0.0,0.0,0.0,0.0,25867.0,516.0
217.0,153.0,14.0,14.0,0.0,0.35286954,64.0,4.0,57952.0,2023.0
45.0,50.0,8.0,8.0,0.0,0.261369857,-5.0,1.0,956.0,0.0
10.0,16.0,3.0,3.0,0.0,0.15102739999999998,-6.0,0.0,3915.0,275.0
861.0,769.0,45.0,45.0,51.0,1.27715862,92.0,16.0,69570.0,617.0
25.0,25.0,4.0,4.0,0.0,0.10027397,0.0,2.0,12254.0,433.0
25.0,25.0,4.0,4.0,0.0,0.46202740000000003,0.0,2.0,2234.0,0.0
158.0,118.0,8.0,8.0,0.0,0.4332037,40.0,3.0,2226.0,0.0
41.0,41.0,7.0,7.0,0.0,0.55544522,0.0,1.0,1557.0,0.0
6677.0,6152.0,903.0,903.0,120.0,13.79112554,525.0,127.0,1924146.0,89946.0
120.0,101.0,8.0,8.0,0.0,0.49947104,19.0,2.0,15209.0,87.0
464.0,464.0,52.0,52.0,116.0,0.92561444,0.0,18.0,48850.0,635.0
25.0,25.0,4.0,4.0,0.0,0.20767124,0.0,1.0,1715.0,25.0
25.0,25.0,4.0,4.0,0.0,0.54180825,0.0,0.0,12214.0,451.0
115.0,39.0,7.0,7.0,0.0,0.25345978,76.0,2.0,5098.0,32.0
251.0,177.0,27.0,27.0,0.0,0.5997678000000001,74.0,4.0,46934.0,307.0
761.0,639.0,39.0,39.0,12.0,3.27583416,122.0,17.0,122660.0,951.0
25.0,25.0,4.0,4.0,0.0,0.5949589,0.0,0.0,18096.0,394.0
39.0,39.0,6.0,6.0,0.0,0.33393347,0.0,2.0,9130.0,25.0
200.0,163.0,24.0,24.0,0.0,0.46173629,37.0,4.0,6455.0,129.0
55.0,25.0,4.0,4.0,0.0,0.39528766,30.0,1.0,299.0,0.0
215.0,215.0,33.0,33.0,16.0,0.74003267,0.0,10.0,118135.0,2671.0
25.0,25.0,4.0,4.0,0.0,0.12164383,0.0,0.0,12694.0,290.0
29.0,19.0,3.0,3.0,0.0,0.2385734,10.0,0.0,2717.0,6.0
31.0,31.0,5.0,5.0,0.0,0.45386301,0.0,1.0,19012.0,910.0
25.0,25.0,4.0,4.0,0.0,0.10871233,0.0,1.0,2934.0,16.0
106.0,96.0,9.0,9.0,0.0,0.66175574,10.0,3.0,17979.0,881.0
60.0,60.0,0.0,0.0,0.0,0.71219176,0.0,0.0,7858.0,0.0
25.0,15.0,3.0,3.0,0.0,0.17187214,10.0,0.0,141.0,0.0
395.0,372.0,29.0,29.0,9.0,1.26045403,23.0,11.0,36892.0,482.0
50.0,50.0,8.0,8.0,0.0,0.56832877,0.0,3.0,2736.0,118.0
189.0,73.0,12.0,12.0,0.0,0.68575716,116.0,6.0,16180.0,261.0
617.0,506.0,43.0,43.0,0.0,3.40099409,111.0,13.0,136812.0,7250.0
24.0,20.0,4.0,4.0,0.0,0.12958904,4.0,2.0,5068.0,47.0
25.0,24.0,4.0,4.0,0.0,0.40091324,1.0,2.0,2524.0,0.0
200.0,137.0,20.0,20.0,0.0,0.47955991,63.0,5.0,8385.0,10.0
45.0,26.0,5.0,5.0,0.0,0.15690199999999999,19.0,1.0,2929.0,8.0
14.0,14.0,2.0,2.0,0.0,0.18982388,0.0,2.0,2422.0,177.0
50.0,22.0,4.0,4.0,0.0,0.22727273,28.0,1.0,2228.0,0.0
25.0,25.0,4.0,4.0,0.0,0.40460274,0.0,1.0,1339.0,0.0
55.0,69.0,9.0,9.0,0.0,0.67739439,-14.0,2.0,5862.0,7.0
170.0,144.0,7.0,7.0,0.0,0.83526975,26.0,3.0,78206.0,3103.0
151.0,151.0,43.0,43.0,0.0,1.5779702430000002,0.0,4.0,121774.0,5957.0
20.0,20.0,3.0,3.0,0.0,0.10534246,0.0,1.0,2698.0,0.0
67.0,67.0,7.0,7.0,0.0,0.22020037,0.0,2.0,4652.0,7.0
895.0,867.0,113.0,113.0,6.0,3.199682,28.0,21.0,266202.0,11171.0
20.0,20.0,3.0,3.0,0.0,0.22027397,0.0,1.0,283.0,0.0
25.0,25.0,4.0,4.0,0.0,0.23736987,0.0,1.0,232.0,0.0
125.0,74.0,11.0,11.0,0.0,0.62173665,51.0,3.0,63049.0,920.0
61.0,46.0,8.0,8.0,0.0,0.36707762,15.0,0.0,2667.0,25.0
65.0,61.0,11.0,11.0,0.0,0.27635355100000003,4.0,3.0,7480.0,9.0
26.0,26.0,5.0,5.0,0.0,0.24193889,0.0,1.0,3354.0,82.0
25.0,25.0,4.0,4.0,0.0,0.26871234,0.0,0.0,832.0,0.0
1208.0,822.0,61.0,61.0,30.0,3.15768417,386.0,36.0,115399.0,755.0
25.0,25.0,4.0,4.0,0.0,0.22421917,0.0,1.0,61605.0,81.0
48.0,10.0,3.0,3.0,0.0,0.38219178,38.0,2.0,3894.0,0.0
18.0,18.0,3.0,3.0,0.0,0.23896499,0.0,0.0,353.0,0.0
30.0,30.0,5.0,5.0,0.0,0.54940641,0.0,0.0,9491.0,224.0
170.0,170.0,12.0,12.0,0.0,0.20161603,0.0,3.0,75631.0,1197.0
23.0,23.0,4.0,4.0,0.0,0.11935676,0.0,0.0,1451.0,0.0
50.0,50.0,8.0,8.0,0.0,0.70345207,0.0,4.0,3089.0,0.0
988.0,925.0,99.0,99.0,60.0,2.51508686,63.0,17.0,231860.0,7204.0
35.0,25.0,6.0,6.0,0.0,0.51057535,10.0,2.0,6201.0,328.0
20.0,22.0,3.0,3.0,0.0,0.25409395,-2.0,1.0,838.0,0.0
24.0,24.0,4.0,4.0,0.0,0.07522831099999999,0.0,1.0,2549.0,0.0
122.0,125.0,14.0,14.0,0.0,0.95117101,-3.0,7.0,50764.0,2582.0
953.0,648.0,62.0,62.0,0.0,3.00782201,305.0,13.0,85782.0,5635.0
20.0,20.0,3.0,3.0,0.0,0.16383561,0.0,1.0,3331.0,0.0
25.0,25.0,4.0,4.0,0.0,0.49783707,0.0,0.0,2416.0,4.0
25.0,25.0,4.0,4.0,0.0,0.46509588,0.0,2.0,37459.0,499.0
25.0,24.0,4.0,4.0,0.0,0.36598173,1.0,1.0,2943.0,0.0
134.0,123.0,7.0,7.0,0.0,1.46431836,11.0,2.0,14428.0,616.0
107.0,142.0,25.0,25.0,0.0,1.00423991,-35.0,3.0,58412.0,2775.0
143.0,111.0,18.0,18.0,0.0,0.24921633,32.0,2.0,27756.0,889.0
10.0,10.0,2.0,2.0,0.0,0.062465753,0.0,0.0,2065.0,0.0
147.0,131.0,12.0,12.0,0.0,0.30776954,16.0,2.0,8152.0,485.0
49.0,49.0,5.0,5.0,0.0,0.23421861,0.0,2.0,9556.0,734.0
913.0,873.0,120.0,120.0,33.0,1.85398048,40.0,22.0,92145.0,2534.0
139.0,96.0,6.0,6.0,0.0,0.16041376,43.0,2.0,5681.0,60.0
659.0,634.0,96.0,96.0,38.0,2.19187748,25.0,31.0,24347.0,163.0
162.0,49.0,9.0,9.0,0.0,0.32239306,113.0,2.0,23572.0,486.0
45.0,46.0,4.0,4.0,0.0,0.28064325,-1.0,2.0,5681.0,194.0
236.0,200.0,16.0,16.0,0.0,0.5133601999999999,36.0,6.0,25454.0,208.0
118.0,56.0,6.0,6.0,0.0,0.28277886,62.0,2.0,65494.0,167.0
7109.0,6086.0,638.0,638.0,218.0,13.22073492,1023.0,88.0,317391.0,17105.0
989.0,904.0,70.0,70.0,53.0,1.99889982,85.0,21.0,94345.0,5551.0
25.0,25.0,4.0,4.0,0.0,0.51769865,0.0,1.0,17837.0,322.0
482.0,443.0,32.0,32.0,0.0,1.46233437,39.0,7.0,107241.0,5193.0
3456.0,3119.0,416.0,416.0,156.0,6.58302565,337.0,90.0,597425.0,6313.0
97.0,48.0,16.0,16.0,0.0,0.61290377,49.0,9.0,12997.0,299.0
111.0,111.0,26.0,26.0,0.0,0.32889053,0.0,3.0,23166.0,416.0
25.0,25.0,4.0,4.0,0.0,0.40054795,0.0,2.0,1516.0,11.0
25.0,25.0,4.0,4.0,0.0,0.18147945,0.0,0.0,2190.0,0.0
455.0,438.0,38.0,38.0,13.0,0.37133920000000004,17.0,16.0,6591.0,338.0
10.0,10.0,2.0,2.0,0.0,0.16,0.0,0.0,1974.0,0.0
179.0,36.0,6.0,6.0,0.0,0.10768645,143.0,2.0,22079.0,341.0
30.0,30.0,5.0,5.0,0.0,0.39369863,0.0,2.0,6628.0,353.0
25.0,25.0,4.0,4.0,0.0,0.063780822,0.0,0.0,1893.0,156.0
25.0,25.0,4.0,4.0,0.0,0.52613699,0.0,2.0,317.0,0.0
238.0,238.0,34.0,34.0,0.0,0.5856452,0.0,12.0,58531.0,768.0
25.0,21.0,4.0,4.0,0.0,0.27214611,4.0,0.0,1849.0,16.0
26.0,20.0,4.0,4.0,0.0,0.34767124,6.0,2.0,2234.0,0.0
49.0,25.0,4.0,4.0,0.0,0.5352329,24.0,2.0,1173.0,0.0
18.0,18.0,3.0,3.0,0.0,0.11476408,0.0,1.0,232.0,0.0
549.0,332.0,24.0,24.0,24.0,0.8815700999999999,217.0,7.0,3734.0,208.0
25.0,16.0,3.0,3.0,0.0,0.41352740000000004,9.0,1.0,425.0,0.0
164.0,152.0,8.0,8.0,0.0,0.19302452,12.0,2.0,28744.0,1399.0
25.0,25.0,4.0,4.0,0.0,0.52208221,0.0,2.0,26362.0,2562.0
656.0,408.0,52.0,52.0,18.0,1.05987007,248.0,13.0,27221.0,14.0
375.0,372.0,23.0,23.0,0.0,1.00083504,3.0,10.0,54285.0,4213.0
25.0,25.0,4.0,4.0,0.0,0.16613698,0.0,0.0,11098.0,186.0
44.0,44.0,4.0,4.0,0.0,1.18429417,0.0,2.0,39619.0,2833.0
25.0,25.0,4.0,4.0,0.0,0.82608217,0.0,0.0,640.0,0.0
1710.0,1732.0,212.0,212.0,50.0,5.326802365,-22.0,51.0,206600.0,3206.0
136.0,81.0,8.0,8.0,0.0,0.4143751,55.0,3.0,46644.0,95.0
62.0,54.0,0.0,0.0,0.0,0.72064942,8.0,0.0,13639.0,158.0
25.0,25.0,4.0,4.0,0.0,0.05380822,0.0,0.0,2632.0,0.0
25.0,25.0,4.0,4.0,0.0,0.58399999,0.0,2.0,3189.0,157.0
25.0,25.0,4.0,4.0,0.0,0.31200001,0.0,1.0,3602.0,0.0
25.0,11.0,2.0,2.0,0.0,0.36936489,14.0,2.0,760.0,0.0
16.0,16.0,3.0,3.0,0.0,0.32739726,0.0,0.0,538.0,0.0
247.0,247.0,26.0,26.0,0.0,1.296251537,0.0,5.0,14248.0,640.0
483.0,423.0,20.0,20.0,0.0,0.67525983,60.0,17.0,7289.0,117.0
25.0,25.0,5.0,5.0,0.0,0.49082193,0.0,2.0,2094.0,120.0
25.0,25.0,4.0,4.0,0.0,0.1620822,0.0,1.0,21082.0,2357.0
25.0,25.0,4.0,4.0,0.0,0.37578082,0.0,2.0,2010.0,17.0
78.0,69.0,9.0,9.0,0.0,0.327880916,9.0,3.0,5356.0,130.0
48.0,48.0,8.0,8.0,0.0,0.14412101,0.0,2.0,145086.0,433.0
153.0,152.0,10.0,10.0,0.0,1.00618517,1.0,6.0,6527.0,334.0
50.0,50.0,8.0,8.0,0.0,0.85786301,0.0,4.0,5851.0,10.0
5541.0,5514.0,583.0,583.0,260.0,12.97193361,27.0,149.0,799717.0,30369.0
50.0,31.0,6.0,6.0,0.0,0.34377854,19.0,0.0,1454.0,8.0
435.0,383.0,57.0,57.0,0.0,0.73484743,52.0,12.0,90220.0,1084.0
75.0,50.0,8.0,8.0,0.0,0.87223121,25.0,4.0,3500.0,0.0
486.0,435.0,30.0,30.0,0.0,1.29468989,51.0,15.0,34827.0,424.0
8.0,8.0,1.0,1.0,0.0,0.009931507,0.0,0.0,930.0,17.0
39.0,39.0,7.0,7.0,0.0,0.11654373,0.0,1.0,15595.0,307.0
240.0,225.0,25.0,25.0,0.0,1.01631085,15.0,6.0,23880.0,247.0
25.0,25.0,4.0,4.0,0.0,0.44558904,0.0,2.0,715.0,24.0
25.0,25.0,4.0,4.0,0.0,0.28405479,0.0,0.0,250.0,0.0
1596.0,1838.0,145.0,145.0,86.0,2.86124033,-242.0,38.0,238285.0,13614.0
90.0,48.0,7.0,7.0,0.0,0.36894977,42.0,2.0,20481.0,289.0
1394.0,1380.0,123.0,123.0,63.0,3.4684254,14.0,51.0,244143.0,3906.0
129.0,108.0,20.0,20.0,0.0,1.17403174,21.0,3.0,26220.0,119.0
72.0,84.0,6.0,6.0,0.0,0.48225701,-12.0,5.0,3173.0,10.0
50.0,50.0,8.0,8.0,0.0,0.36032877399999996,0.0,0.0,1010.0,0.0
386.0,362.0,51.0,51.0,0.0,2.24881151,24.0,8.0,77258.0,992.0
578.0,448.0,55.0,55.0,0.0,1.40759444,130.0,8.0,26780.0,579.0
167.0,116.0,20.0,20.0,0.0,0.6019366999999999,51.0,5.0,23477.0,377.0
16.0,16.0,3.0,3.0,0.0,0.19760273,0.0,0.0,187.0,0.0
49.0,32.0,6.0,6.0,0.0,0.32217467,17.0,2.0,55005.0,413.0
75.0,49.0,9.0,9.0,0.0,0.19312273,26.0,2.0,14538.0,365.0
40.0,40.0,7.0,7.0,0.0,0.60317809,0.0,2.0,240.0,0.0
38.0,38.0,7.0,7.0,0.0,0.53669792,0.0,0.0,9000.0,632.0
25.0,24.0,4.0,4.0,0.0,0.67134702,1.0,1.0,3972.0,171.0
182.0,182.0,14.0,14.0,4.0,0.50689447,0.0,8.0,100966.0,2240.0
124.0,124.0,6.0,6.0,0.0,0.88496288,0.0,2.0,49005.0,1228.0
87.0,43.0,5.0,5.0,0.0,0.44842306,44.0,2.0,1208.0,2.0
407.0,393.0,20.0,20.0,0.0,1.47694546,14.0,7.0,117981.0,3472.0
394.0,305.0,32.0,32.0,0.0,0.79812258,89.0,11.0,216893.0,10681.0
57.0,28.0,4.0,4.0,0.0,0.63106679,29.0,2.0,5005.0,340.0
95.0,69.0,10.0,10.0,0.0,0.64323038,26.0,5.0,27631.0,542.0
99.0,98.0,10.0,10.0,0.0,0.71738887,1.0,7.0,123096.0,7623.0
135.0,102.0,8.0,8.0,0.0,0.37281761,33.0,3.0,24747.0,1535.0
169.0,133.0,21.0,21.0,0.0,0.40194404,36.0,5.0,20478.0,76.0
35.0,25.0,4.0,4.0,0.0,0.31879452,10.0,0.0,4716.0,67.0
237.0,237.0,6.0,6.0,0.0,1.23850271,0.0,2.0,585.0,59.0
435.0,435.0,48.0,48.0,0.0,0.56425828,0.0,27.0,58134.0,1639.0
848.0,854.0,70.0,70.0,42.0,2.30850124,-6.0,23.0,673711.0,14693.0
25.0,25.0,6.0,6.0,0.0,0.31813699,0.0,2.0,9688.0,65.0
259.0,259.0,30.0,30.0,0.0,1.79914755,0.0,5.0,55806.0,458.0
75.0,75.0,6.0,6.0,0.0,0.1053516,0.0,2.0,16688.0,927.0
25.0,25.0,4.0,4.0,0.0,0.17983562,0.0,1.0,202.0,0.0
376.0,321.0,24.0,24.0,0.0,1.58698869,55.0,16.0,233892.0,9602.0
25.0,25.0,4.0,4.0,0.0,0.47517809,0.0,2.0,28311.0,2002.0
25.0,17.0,3.0,3.0,0.0,0.63158745,8.0,0.0,770.0,141.0
2166.0,1682.0,231.0,231.0,85.0,5.64292974,484.0,80.0,1224584.0,61180.0
143.0,115.0,8.0,8.0,0.0,1.2266691,28.0,3.0,4972.0,0.0
4382.0,3131.0,604.0,604.0,239.0,8.15993727,1251.0,93.0,896020.0,9383.0
25.0,25.0,6.0,6.0,0.0,0.41632876,0.0,1.0,27485.0,483.0
48.0,48.0,8.0,8.0,0.0,0.079623289,0.0,2.0,11775.0,118.0
257.0,210.0,16.0,16.0,0.0,1.10040831,47.0,3.0,26347.0,199.0
15.0,15.0,4.0,4.0,0.0,0.26630136,0.0,2.0,314.0,0.0
80.0,25.0,4.0,4.0,0.0,0.09709589199999999,55.0,0.0,2989.0,11.0
25.0,23.0,4.0,4.0,0.0,0.322054797,2.0,1.0,1228.0,16.0
162.0,162.0,29.0,29.0,0.0,1.03207734,0.0,5.0,175872.0,5814.0
134.0,47.0,8.0,8.0,0.0,0.26779366,87.0,2.0,524.0,0.0
28.0,28.0,4.0,4.0,0.0,0.78708413,0.0,1.0,2872.0,0.0
25.0,25.0,4.0,4.0,0.0,0.09950684800000001,0.0,2.0,937.0,103.0
25.0,25.0,4.0,4.0,0.0,0.41227397,0.0,2.0,27813.0,3655.0
25.0,25.0,4.0,4.0,0.0,0.24657534,0.0,2.0,4995.0,94.0
2260.0,1919.0,104.0,104.0,127.0,4.54065645,341.0,42.0,159229.0,3157.0
47.0,47.0,5.0,5.0,0.0,1.08050707,0.0,2.0,32642.0,2371.0
638.0,510.0,34.0,34.0,79.0,1.56609594,128.0,12.0,84671.0,1148.0
676.0,663.0,73.0,73.0,12.0,3.03856338,13.0,25.0,43921.0,363.0
62.0,34.0,6.0,6.0,0.0,0.50024176,28.0,3.0,1229.0,0.0
17.0,17.0,3.0,3.0,0.0,0.39693797,0.0,2.0,4777.0,81.0
25.0,14.0,2.0,2.0,0.0,0.37123287,11.0,1.0,53.0,0.0
17.0,17.0,3.0,3.0,0.0,0.24770346,0.0,0.0,6653.0,125.0
89.0,89.0,8.0,8.0,0.0,0.42241034,0.0,2.0,13244.0,269.0
96.0,50.0,10.0,10.0,0.0,0.53545207,46.0,2.0,7798.0,128.0
22.0,18.0,3.0,3.0,0.0,0.21765602,4.0,1.0,1737.0,102.0
25.0,25.0,4.0,4.0,0.0,0.25972602,0.0,2.0,4098.0,73.0
75.0,61.0,10.0,10.0,0.0,0.30927853,14.0,3.0,60528.0,3858.0
10.0,10.0,2.0,2.0,0.0,0.14438356,0.0,0.0,1295.0,0.0
110.0,29.0,4.0,4.0,0.0,0.34641096,81.0,1.0,2560.0,279.0
183.0,154.0,31.0,31.0,0.0,1.0231874,29.0,4.0,81374.0,3098.0
109.0,109.0,18.0,18.0,0.0,0.50437868,0.0,3.0,28787.0,139.0
72.0,72.0,6.0,6.0,0.0,0.21609589,0.0,2.0,873.0,0.0
60.0,30.0,5.0,5.0,0.0,0.21890411,30.0,1.0,3613.0,0.0
28.0,28.0,5.0,5.0,0.0,0.26628909,0.0,2.0,1525.0,0.0
20.0,20.0,3.0,3.0,0.0,0.32041097,0.0,0.0,1636.0,0.0
74.0,48.0,8.0,8.0,0.0,0.33744293,26.0,2.0,3579.0,209.0
95.0,76.0,8.0,8.0,0.0,0.36459985,19.0,3.0,13935.0,763.0
626.0,626.0,90.0,90.0,44.0,1.99753828,0.0,19.0,145650.0,10036.0
296.0,296.0,14.0,14.0,16.0,1.34416252,0.0,5.0,9827.0,0.0
25.0,19.0,3.0,3.0,0.0,0.45392933,6.0,2.0,74053.0,1211.0
25.0,25.0,4.0,4.0,0.0,0.072986305,0.0,1.0,1385.0,81.0
1291.0,1105.0,280.0,280.0,0.0,3.09631974,186.0,27.0,181173.0,5232.0
139.0,126.0,23.0,23.0,0.0,1.71463166,13.0,4.0,38792.0,693.0
75.0,25.0,4.0,4.0,0.0,0.7100274000000001,50.0,2.0,1956.0,0.0
250.0,250.0,21.0,21.0,0.0,1.24444186,0.0,10.0,46056.0,3975.0
70.0,48.0,5.0,5.0,0.0,0.36034799,22.0,2.0,3831.0,98.0
20.0,20.0,3.0,3.0,0.0,0.08260273900000001,0.0,2.0,2786.0,0.0
6618.0,6332.0,698.0,698.0,320.0,13.47274273,286.0,175.0,1233145.0,33309.0
25.0,25.0,4.0,4.0,0.0,0.076383561,0.0,2.0,800.0,0.0
68.0,68.0,11.0,11.0,0.0,0.47427844,0.0,3.0,27456.0,519.0
25.0,16.0,3.0,3.0,0.0,0.32551369,9.0,0.0,261.0,0.0
191.0,148.0,26.0,26.0,0.0,1.39500445,43.0,3.0,269092.0,12662.0
401.0,401.0,39.0,39.0,0.0,1.406980845,0.0,10.0,272400.0,5476.0
25.0,25.0,4.0,4.0,0.0,0.18542466,0.0,0.0,58.0,0.0
19.0,19.0,3.0,3.0,0.0,0.20273973,0.0,2.0,4809.0,2.0
128.0,90.0,11.0,11.0,0.0,1.11245203,38.0,4.0,12333.0,890.0
25.0,25.0,4.0,4.0,0.0,0.30136988,0.0,2.0,173.0,0.0
117.0,102.0,12.0,12.0,0.0,0.98003912,15.0,4.0,25230.0,1191.0
123.0,39.0,6.0,6.0,0.0,0.52876711,84.0,4.0,4320.0,85.0
30.0,25.0,4.0,4.0,0.0,0.22860274,5.0,2.0,5205.0,67.0
242.0,172.0,18.0,18.0,0.0,0.28324306,70.0,3.0,2101.0,0.0
597.0,564.0,99.0,99.0,20.0,1.95186961,33.0,16.0,54965.0,1670.0
40.0,40.0,7.0,7.0,0.0,0.67254797,0.0,2.0,15546.0,951.0
453.0,386.0,85.0,85.0,0.0,0.94706697,67.0,31.0,6823.0,239.0
49.0,49.0,8.0,8.0,0.0,0.22660274,0.0,1.0,6565.0,507.0
38.0,38.0,7.0,7.0,0.0,0.16669069,0.0,2.0,981.0,39.0
64.0,64.0,0.0,0.0,0.0,0.11276533,0.0,0.0,22172.0,455.0
50.0,21.0,4.0,4.0,0.0,0.21891716,29.0,2.0,1418.0,0.0
610.0,551.0,80.0,80.0,0.0,1.58553997,59.0,20.0,94087.0,6395.0
191.0,183.0,16.0,16.0,0.0,0.53912485,8.0,6.0,9178.0,102.0
59.0,40.0,6.0,6.0,0.0,0.11917808,19.0,2.0,5961.0,214.0
16.0,16.0,3.0,3.0,0.0,0.30719179,0.0,1.0,1650.0,0.0
49.0,25.0,4.0,4.0,0.0,0.094356164,24.0,2.0,2580.0,3.0
164.0,59.0,10.0,10.0,0.0,1.15908304,105.0,5.0,3116.0,28.0
45.0,25.0,4.0,4.0,0.0,0.64920551,20.0,0.0,38.0,0.0
25.0,25.0,4.0,4.0,0.0,0.6588493000000001,0.0,1.0,47556.0,1314.0
994.0,495.0,36.0,36.0,32.0,1.01497477,499.0,10.0,116665.0,7683.0
49.0,49.0,8.0,8.0,0.0,0.46822587,0.0,2.0,11565.0,1619.0
267.0,207.0,12.0,12.0,0.0,0.29285949,60.0,4.0,62285.0,1534.0
96.0,74.0,6.0,6.0,0.0,0.253943,22.0,2.0,20797.0,395.0
292.0,292.0,32.0,32.0,14.0,1.08018589,0.0,11.0,62593.0,2876.0
101.0,94.0,10.0,10.0,6.0,0.4860099,7.0,4.0,58299.0,1286.0
25.0,25.0,4.0,4.0,0.0,0.84536988,0.0,2.0,20491.0,111.0
25.0,25.0,4.0,4.0,0.0,0.59517807,0.0,2.0,3935.0,0.0
184.0,170.0,12.0,12.0,0.0,0.56851155,14.0,9.0,104088.0,8088.0
99.0,49.0,5.0,5.0,0.0,0.26545292,50.0,2.0,4698.0,0.0
387.0,322.0,37.0,37.0,0.0,1.03151313,65.0,10.0,34764.0,2271.0
13.0,13.0,2.0,2.0,0.0,0.081348792,0.0,0.0,629.0,0.0
50.0,50.0,8.0,8.0,0.0,0.60613701,0.0,0.0,14985.0,1812.0
154.0,122.0,12.0,12.0,0.0,0.37686953,32.0,3.0,7969.0,7.0
35.0,25.0,4.0,4.0,0.0,0.78849316,10.0,2.0,758.0,48.0
72.0,45.0,8.0,8.0,0.0,0.19939117,27.0,2.0,10212.0,221.0
72.0,48.0,5.0,5.0,0.0,1.35153782,24.0,0.0,549.0,0.0
85.0,56.0,10.0,10.0,0.0,0.57956946,29.0,2.0,20130.0,382.0
85.0,55.0,6.0,6.0,0.0,0.62311333,30.0,2.0,39785.0,931.0
25.0,25.0,4.0,4.0,0.0,0.20577903,0.0,1.0,607.0,0.0
76.0,55.0,9.0,9.0,0.0,0.67622572,21.0,3.0,38425.0,373.0
24.0,24.0,4.0,4.0,0.0,0.13470319,0.0,1.0,854.0,0.0
117.0,95.0,10.0,10.0,4.0,0.40749821,22.0,2.0,6673.0,0.0
222.0,222.0,21.0,21.0,0.0,1.17683409,0.0,4.0,5759.0,0.0
211.0,189.0,9.0,9.0,2.0,1.44422347,22.0,5.0,3765.0,15.0
25.0,25.0,4.0,4.0,0.0,0.37446576,0.0,2.0,633.0,0.0
25.0,21.0,6.0,6.0,0.0,0.56973255,4.0,2.0,10138.0,95.0
116.0,86.0,8.0,8.0,0.0,0.45380694,30.0,4.0,15567.0,363.0
8.0,8.0,1.0,1.0,0.0,0.18133223,0.0,1.0,3289.0,272.0
80.0,80.0,1.0,1.0,0.0,0.0,0.0,2.0,11982.0,875.0
273.0,222.0,23.0,23.0,0.0,0.49895102,51.0,3.0,72043.0,337.0
1207.0,1123.0,110.0,110.0,16.0,6.76678806,84.0,52.0,728204.0,45691.0
25.0,25.0,4.0,4.0,0.0,0.38816437,0.0,1.0,1219.0,0.0
1148.0,1107.0,48.0,48.0,0.0,2.92789805,41.0,25.0,819341.0,56915.0
1614.0,1243.0,151.0,151.0,152.0,3.89947563,371.0,91.0,507407.0,13824.0
699.0,570.0,70.0,70.0,20.0,2.21380863,129.0,10.0,61302.0,1879.0
370.0,437.0,55.0,55.0,0.0,0.94504711,-67.0,11.0,175813.0,8111.0
37.0,3.0,2.0,2.0,0.0,0.63652968,34.0,2.0,22181.0,582.0
25.0,25.0,4.0,4.0,0.0,0.91156167,0.0,1.0,28975.0,156.0
25.0,25.0,4.0,4.0,0.0,0.1079452,0.0,1.0,1860.0,33.0
184.0,129.0,18.0,18.0,0.0,0.69645733,55.0,8.0,30213.0,4946.0
1395.0,1261.0,97.0,97.0,79.0,3.84300423,134.0,25.0,161467.0,9559.0
25.0,25.0,4.0,4.0,0.0,0.40482193,0.0,2.0,1136.0,0.0
233.0,233.0,8.0,8.0,15.0,0.54701626,0.0,2.0,28127.0,0.0
8.0,8.0,1.0,1.0,0.0,0.018493151,0.0,0.0,6311.0,2.0
1332.0,951.0,77.0,77.0,15.0,3.53887934,381.0,31.0,1690263.0,114321.0
25.0,14.0,2.0,2.0,0.0,0.4003914,11.0,0.0,144.0,0.0
71.0,87.0,10.0,10.0,0.0,0.35931349,-16.0,3.0,97732.0,2358.0
25.0,25.0,4.0,4.0,0.0,0.20394520000000002,0.0,2.0,2332.0,0.0
57.0,55.0,10.0,10.0,0.0,0.21723537,2.0,2.0,14965.0,567.0
80.0,70.0,8.0,8.0,0.0,0.34032268,10.0,4.0,5129.0,0.0
2918.0,1802.0,214.0,214.0,67.0,4.96711721,1116.0,42.0,130399.0,2400.0
6677.0,5683.0,744.0,744.0,380.0,20.48879917,994.0,127.0,1032093.0,19604.0
32.0,25.0,2.0,2.0,0.0,0.28153425,7.0,2.0,8846.0,196.0
137.0,127.0,8.0,8.0,1.0,0.30633157,10.0,5.0,59525.0,496.0
87.0,36.0,8.0,8.0,0.0,0.44345509999999994,51.0,2.0,4780.0,4.0
562.0,367.0,36.0,36.0,0.0,1.72798398,195.0,9.0,79154.0,1927.0
99.0,86.0,8.0,8.0,0.0,0.48432621,13.0,4.0,2107.0,10.0
2073.0,1880.0,89.0,89.0,0.0,3.84152743,193.0,60.0,211343.0,10829.0
80.0,49.0,6.0,6.0,0.0,0.4507688,31.0,2.0,32602.0,765.0
171.0,126.0,13.0,13.0,0.0,0.57657146,45.0,4.0,2914.0,15.0
44.0,36.0,4.0,4.0,0.0,0.2675038,8.0,2.0,21444.0,0.0
40.0,22.0,4.0,4.0,0.0,0.28692403,18.0,1.0,28085.0,2531.0
35.0,25.0,4.0,4.0,0.0,0.56197262,10.0,0.0,24679.0,312.0
683.0,675.0,12.0,12.0,0.0,1.16379297,8.0,6.0,98685.0,9651.0
557.0,525.0,65.0,65.0,29.0,2.73100985,32.0,19.0,156684.0,3453.0
130.0,93.0,8.0,8.0,0.0,0.33038738,37.0,4.0,46490.0,487.0
25.0,25.0,4.0,4.0,0.0,0.21665753,0.0,1.0,7014.0,423.0
1412.0,1334.0,130.0,130.0,130.0,3.53737352,78.0,25.0,227992.0,10987.0
584.0,584.0,135.0,135.0,0.0,1.89818841,0.0,9.0,35735.0,0.0
20.0,20.0,3.0,3.0,0.0,0.21178082,0.0,0.0,1028.0,60.0
307.0,248.0,25.0,25.0,0.0,0.48928413,59.0,10.0,10722.0,95.0
25.0,25.0,4.0,4.0,0.0,0.32109588,0.0,2.0,968.0,0.0
330.0,287.0,18.0,18.0,12.0,1.4060051000000002,43.0,5.0,9263.0,0.0
483.0,351.0,39.0,39.0,0.0,1.33156747,132.0,7.0,77346.0,3316.0
95.0,25.0,4.0,4.0,0.0,0.64963698,70.0,2.0,140365.0,2633.0
49.0,49.0,6.0,6.0,0.0,0.48560247,0.0,3.0,7482.0,215.0
296.0,296.0,39.0,39.0,0.0,1.41689655,0.0,6.0,6547.0,0.0
19.0,19.0,3.0,3.0,0.0,0.083056957,0.0,0.0,437.0,0.0
69.0,69.0,8.0,8.0,0.0,0.64264441,0.0,2.0,33228.0,1753.0
174.0,153.0,14.0,14.0,0.0,0.351460616,21.0,7.0,40833.0,608.0
245.0,230.0,14.0,14.0,0.0,0.564450662,15.0,5.0,33167.0,334.0
25.0,25.0,3.0,3.0,0.0,0.12515068,0.0,2.0,68405.0,1850.0
633.0,636.0,52.0,52.0,0.0,0.8956056379999999,-3.0,0.0,26492.0,2873.0
3200.0,3023.0,289.0,289.0,31.0,9.09771396,177.0,58.0,773869.0,69976.0
747.0,709.0,47.0,47.0,34.0,2.08666358,38.0,14.0,139445.0,1275.0
25.0,49.0,8.0,8.0,0.0,0.33447021,-24.0,2.0,20599.0,264.0
1621.0,1621.0,235.0,235.0,101.0,4.26982752,0.0,38.0,201184.0,10200.0
25.0,25.0,4.0,4.0,0.0,0.184,0.0,2.0,516.0,17.0
25.0,25.0,4.0,4.0,0.0,0.25008219,0.0,1.0,950.0,0.0
142.0,100.0,14.0,14.0,2.0,1.84531507,42.0,6.0,7775.0,63.0
566.0,511.0,43.0,43.0,0.0,1.68225062,55.0,13.0,59782.0,1501.0
1184.0,1049.0,150.0,150.0,97.0,2.07690451,135.0,32.0,38438.0,206.0
25.0,25.0,4.0,4.0,0.0,0.12953424,0.0,1.0,4469.0,42.0
514.0,410.0,36.0,36.0,0.0,1.15425214,104.0,14.0,59987.0,730.0
292.0,257.0,30.0,30.0,0.0,1.44087261,35.0,8.0,52891.0,3374.0
1930.0,1524.0,246.0,246.0,118.0,4.45541669,406.0,31.0,329117.0,12475.0
43.0,40.0,7.0,7.0,0.0,0.23123288,3.0,2.0,1321.0,0.0
707.0,676.0,77.0,77.0,32.0,2.14248314,31.0,20.0,64162.0,563.0
165.0,165.0,5.0,5.0,0.0,0.82325878,0.0,3.0,153691.0,821.0
4.0,4.0,1.0,1.0,0.0,0.20869565,0.0,0.0,297.0,0.0
42.0,25.0,4.0,4.0,0.0,0.37468493,17.0,2.0,10050.0,50.0
84.0,84.0,11.0,11.0,0.0,0.47831049999999997,0.0,2.0,7298.0,0.0
25.0,18.0,4.0,4.0,0.0,0.35906881,7.0,1.0,20598.0,363.0
778.0,771.0,70.0,70.0,44.0,2.80625349,7.0,13.0,94057.0,4631.0
97.0,60.0,7.0,7.0,0.0,0.23694064,37.0,3.0,7520.0,65.0
31.0,24.0,4.0,4.0,0.0,0.42418033,7.0,1.0,5248.0,358.0
173.0,142.0,22.0,22.0,0.0,0.49605718,31.0,5.0,170908.0,1732.0
25.0,25.0,4.0,4.0,0.0,0.32635617,0.0,1.0,4308.0,95.0
41.0,40.0,7.0,7.0,0.0,0.35142693,1.0,3.0,3764.0,1.0
112.0,45.0,8.0,8.0,0.0,0.57627118,67.0,2.0,23501.0,456.0
949.0,24.0,4.0,4.0,0.0,0.19703196,925.0,0.0,40792.0,476.0
24.0,24.0,4.0,4.0,0.0,0.08995433900000001,0.0,0.0,67.0,0.0
25.0,25.0,4.0,4.0,0.0,0.28032878,0.0,0.0,8051.0,125.0
268.0,268.0,28.0,28.0,0.0,0.83555427,0.0,9.0,413201.0,6756.0
1160.0,1040.0,81.0,81.0,45.0,2.8332848999999998,120.0,26.0,43807.0,784.0
49.0,25.0,5.0,5.0,0.0,0.60953426,24.0,2.0,1385.0,0.0
41.0,25.0,2.0,2.0,0.0,0.37183562,16.0,2.0,2496.0,116.0
25.0,25.0,4.0,4.0,0.0,0.50663012,0.0,2.0,1296.0,1.0
132.0,132.0,12.0,12.0,0.0,0.42649391,0.0,5.0,12114.0,623.0
25.0,25.0,4.0,4.0,0.0,0.30794519,0.0,1.0,1583.0,0.0
286.0,246.0,32.0,32.0,0.0,1.18756151,40.0,6.0,104869.0,2194.0
84.0,73.0,10.0,10.0,0.0,0.82404715,11.0,3.0,26558.0,2991.0
25.0,25.0,4.0,4.0,0.0,0.2550137,0.0,1.0,5537.0,0.0
25.0,25.0,4.0,4.0,0.0,0.16383561,0.0,2.0,2120.0,0.0
276.0,276.0,20.0,20.0,0.0,0.2930415,0.0,7.0,90263.0,2275.0
308.0,324.0,26.0,26.0,0.0,0.49246576,-16.0,7.0,14433.0,836.0
273.0,204.0,35.0,35.0,0.0,0.6338172,69.0,9.0,41648.0,1043.0
25.0,25.0,4.0,4.0,0.0,0.77457535,0.0,0.0,126.0,0.0
58.0,25.0,4.0,4.0,0.0,0.34367123,33.0,2.0,23534.0,256.0
2.0,2.0,1.0,1.0,0.0,0.089041099,0.0,1.0,2856.0,0.0
591.0,556.0,63.0,63.0,0.0,1.95049348,35.0,19.0,171635.0,10662.0
25.0,25.0,4.0,4.0,0.0,0.31364384,0.0,2.0,3428.0,198.0
98.0,73.0,11.0,11.0,0.0,0.53508343,25.0,3.0,6129.0,173.0
148.0,130.0,10.0,10.0,0.0,0.71393043,18.0,6.0,124426.0,16420.0
25.0,18.0,3.0,3.0,0.0,0.32587519,7.0,1.0,32386.0,240.0
50.0,37.0,6.0,6.0,0.0,0.61785702,13.0,0.0,271.0,0.0
99.0,60.0,10.0,10.0,0.0,0.18863013,39.0,2.0,164717.0,658.0
50.0,50.0,8.0,8.0,0.0,1.38739729,0.0,1.0,374.0,0.0
37.0,37.0,4.0,4.0,0.0,1.2900365,0.0,2.0,6716.0,759.0
34.0,34.0,6.0,6.0,0.0,0.31297341,0.0,2.0,7676.0,65.0
146.0,133.0,12.0,12.0,0.0,0.12882893,13.0,2.0,30585.0,749.0
25.0,25.0,4.0,4.0,0.0,0.1330411,0.0,0.0,251.0,0.0
44.0,44.0,5.0,5.0,0.0,0.19649562,0.0,2.0,6152.0,31.0
195.0,145.0,5.0,5.0,0.0,1.06783709,50.0,2.0,2145.0,22.0
58.0,44.0,8.0,8.0,0.0,0.29383561,14.0,0.0,12349.0,312.0
105.0,47.0,6.0,6.0,0.0,0.60236114,58.0,2.0,8385.0,0.0
114.0,66.0,11.0,11.0,0.0,0.90728766,48.0,4.0,49556.0,507.0
23.0,21.0,3.0,3.0,0.0,0.48545337,2.0,0.0,1827.0,33.0
25.0,25.0,4.0,4.0,0.0,0.26093152,0.0,2.0,3208.0,71.0
116.0,97.0,19.0,19.0,0.0,0.48592007,19.0,6.0,5550.0,219.0
25.0,25.0,4.0,4.0,0.0,0.34147945,0.0,0.0,20678.0,575.0
1270.0,796.0,90.0,90.0,42.0,3.7524558,474.0,18.0,250853.0,3307.0
76.0,47.0,9.0,9.0,0.0,0.41777909,29.0,3.0,34325.0,774.0
557.0,821.0,65.0,65.0,22.0,2.7905512999999997,-264.0,36.0,236204.0,16406.0
2084.0,1940.0,196.0,196.0,100.0,3.29023909,144.0,38.0,213426.0,2302.0
225.0,158.0,17.0,17.0,0.0,1.07563722,67.0,5.0,50957.0,4768.0
2666.0,1954.0,158.0,158.0,128.0,3.67473759,712.0,43.0,127110.0,3910.0
186.0,152.0,15.0,15.0,0.0,0.49744265,34.0,5.0,52190.0,3358.0
977.0,855.0,53.0,53.0,15.0,2.88874256,122.0,18.0,159444.0,17409.0
2860.0,2784.0,404.0,404.0,129.0,6.024590224,76.0,44.0,340636.0,4614.0
25.0,20.0,3.0,3.0,0.0,0.12602739,5.0,0.0,1325.0,0.0
35.0,25.0,4.0,4.0,0.0,0.11912329,10.0,1.0,341.0,0.0
192.0,192.0,27.0,27.0,0.0,1.16888726,0.0,9.0,46141.0,1205.0
25.0,25.0,4.0,4.0,0.0,0.41073972,0.0,2.0,5014.0,164.0
20.0,20.0,3.0,3.0,0.0,0.10232877,0.0,1.0,56.0,0.0
20.0,20.0,3.0,3.0,0.0,0.26410958,0.0,1.0,822.0,52.0
50.0,40.0,7.0,7.0,0.0,0.32175342,10.0,1.0,3919.0,276.0
7014.0,5857.0,847.0,847.0,245.0,16.90023341,1157.0,258.0,2446616.0,135712.0
83.0,73.0,6.0,6.0,0.0,0.13143179,10.0,2.0,6338.0,12.0
25.0,25.0,6.0,6.0,0.0,0.48131508,0.0,2.0,6294.0,0.0
1764.0,1086.0,89.0,89.0,41.0,4.01776096,678.0,28.0,1966595.0,127319.0
49.0,55.0,6.0,6.0,0.0,0.15800747,-6.0,2.0,4945.0,188.0
43.0,43.0,7.0,7.0,0.0,0.45793606,0.0,3.0,5107.0,0.0
62.0,54.0,9.0,9.0,0.0,0.55428714,8.0,3.0,26127.0,190.0
200.0,40.0,8.0,8.0,0.0,0.78356165,160.0,2.0,17604.0,184.0
47.0,47.0,8.0,8.0,0.0,1.24130016,0.0,0.0,1040.0,0.0
180.0,108.0,10.0,10.0,4.0,0.45603755,72.0,3.0,8445.0,124.0
1121.0,985.0,56.0,56.0,31.0,3.76446798,136.0,24.0,139577.0,5321.0
20.0,4.0,1.0,1.0,0.0,0.72534245,16.0,0.0,181.0,0.0
4927.0,3904.0,487.0,487.0,186.0,13.39818657,1023.0,93.0,280111.0,6496.0
147.0,129.0,14.0,14.0,0.0,0.40733140700000003,18.0,6.0,32494.0,480.0
14.0,14.0,2.0,2.0,0.0,0.076125242,0.0,0.0,1023.0,24.0
87.0,77.0,13.0,13.0,0.0,0.28028323,10.0,1.0,8766.0,58.0
35.0,35.0,6.0,6.0,0.0,0.97523287,0.0,2.0,279.0,0.0
49.0,25.0,4.0,4.0,0.0,0.56263012,24.0,2.0,2802.0,2.0
2203.0,2457.0,212.0,212.0,27.0,8.4232746,-254.0,70.0,1110127.0,75557.0
231.0,134.0,10.0,10.0,6.0,0.51870781,97.0,8.0,40179.0,1532.0
525.0,525.0,28.0,28.0,0.0,1.56468457,0.0,5.0,4542.0,0.0
459.0,348.0,8.0,8.0,0.0,0.69192988,111.0,4.0,22909.0,402.0
11.0,11.0,2.0,2.0,0.0,0.32627645,0.0,0.0,227.0,0.0
37.0,29.0,6.0,6.0,0.0,0.23608881,8.0,2.0,40537.0,1106.0
25.0,25.0,4.0,4.0,0.0,0.62695891,0.0,1.0,28378.0,563.0
34.0,25.0,4.0,4.0,0.0,0.35320547,9.0,2.0,2605.0,0.0
253.0,207.0,24.0,24.0,0.0,0.80009264,46.0,5.0,57215.0,4265.0
62.0,45.0,8.0,8.0,0.0,0.43360019,17.0,2.0,15547.0,45.0
11544.0,9796.0,1137.0,1137.0,335.0,32.291822700000004,1748.0,281.0,3716273.0,70850.0
721.0,460.0,25.0,25.0,0.0,2.3259613,261.0,18.0,59999.0,1431.0
36.0,36.0,6.0,6.0,0.0,0.033105023,0.0,1.0,2830.0,7.0
68.0,25.0,6.0,6.0,0.0,0.46213698,43.0,2.0,5224.0,97.0
142.0,109.0,19.0,19.0,0.0,1.04524935,33.0,4.0,53810.0,381.0
145.0,110.0,9.0,9.0,0.0,0.34895205,35.0,4.0,9525.0,2005.0
192.0,107.0,12.0,12.0,0.0,0.35995391,85.0,5.0,5057.0,59.0
84.0,57.0,10.0,10.0,0.0,0.33189136,27.0,2.0,3642.0,10.0
391.0,418.0,34.0,34.0,0.0,1.6012825169999998,-27.0,7.0,93205.0,3007.0
64.0,64.0,11.0,11.0,0.0,0.77116004,0.0,2.0,29870.0,48.0
111.0,65.0,12.0,12.0,0.0,0.49930453,46.0,2.0,4411.0,133.0
100.0,100.0,5.0,5.0,0.0,0.16747946,0.0,2.0,2210.0,25.0
50.0,50.0,8.0,8.0,0.0,0.51583562,0.0,2.0,2430.0,0.0
207.0,207.0,22.0,22.0,0.0,0.30754688,0.0,5.0,1898.0,0.0
1119.0,926.0,109.0,109.0,0.0,2.82750743,193.0,26.0,855039.0,33077.0
25.0,25.0,4.0,4.0,0.0,0.14739726,0.0,1.0,1449.0,0.0
20.0,20.0,3.0,3.0,0.0,0.06260273599999999,0.0,1.0,583.0,0.0
220.0,168.0,16.0,16.0,0.0,1.78574297,52.0,5.0,8228.0,670.0
119.0,119.0,21.0,21.0,0.0,0.78314722,0.0,5.0,70905.0,4283.0
25.0,25.0,4.0,4.0,0.0,0.16142465,0.0,1.0,936.0,0.0
26.0,26.0,5.0,5.0,0.0,0.69536352,0.0,1.0,6082.0,148.0
445.0,445.0,25.0,25.0,6.0,0.85037508,0.0,9.0,27104.0,3252.0
25.0,25.0,4.0,4.0,0.0,0.53797263,0.0,1.0,13699.0,1005.0
25.0,25.0,4.0,4.0,0.0,0.14750685,0.0,1.0,529.0,0.0
50.0,43.0,7.0,7.0,0.0,0.56932726,7.0,3.0,5018.0,0.0
74.0,32.0,5.0,5.0,0.0,0.62842464,42.0,2.0,7679.0,16.0
15.0,9.0,2.0,2.0,0.0,0.2,6.0,0.0,7908.0,81.0
25.0,25.0,4.0,4.0,0.0,0.068273969,0.0,0.0,7840.0,0.0
205.0,205.0,34.0,34.0,0.0,1.4390646,0.0,9.0,54460.0,1674.0
361.0,362.0,34.0,34.0,18.0,0.80594152,-1.0,7.0,18156.0,123.0
25.0,17.0,3.0,3.0,0.0,0.19435939,8.0,0.0,2832.0,0.0
24.0,24.0,4.0,4.0,0.0,0.14737444,0.0,0.0,350.0,0.0
238.0,209.0,8.0,8.0,0.0,0.48839220000000005,29.0,5.0,14285.0,171.0
98.0,38.0,6.0,6.0,0.0,0.24455659,60.0,2.0,8170.0,96.0
205.0,137.0,20.0,20.0,16.0,0.58518147,68.0,4.0,9420.0,66.0
141.0,105.0,12.0,12.0,0.0,0.91365948,36.0,7.0,33995.0,1191.0
90.0,47.0,6.0,6.0,0.0,0.27309823,43.0,2.0,48270.0,747.0
285.0,268.0,14.0,14.0,0.0,0.34755674,17.0,5.0,79632.0,3139.0
1152.0,973.0,109.0,109.0,76.0,3.02660119,179.0,21.0,51848.0,662.0
425.0,409.0,20.0,20.0,0.0,0.5914526,16.0,8.0,6054.0,571.0
32.0,22.0,4.0,4.0,0.0,0.36276463,10.0,0.0,16444.0,595.0
18.0,18.0,3.0,3.0,0.0,0.19619483,0.0,1.0,679.0,0.0
50.0,45.0,7.0,7.0,0.0,0.46144396,5.0,1.0,393.0,0.0
35.0,25.0,4.0,4.0,0.0,0.52339727,10.0,2.0,1468.0,0.0
25.0,25.0,5.0,5.0,0.0,0.11013699,0.0,2.0,13515.0,393.0
97.0,97.0,9.0,9.0,0.0,0.18395707,0.0,2.0,30342.0,252.0
634.0,483.0,50.0,50.0,30.0,1.47133994,151.0,24.0,433144.0,17675.0
39.0,39.0,6.0,6.0,0.0,0.425545282,0.0,1.0,5738.0,53.0
25.0,25.0,4.0,4.0,0.0,0.52449316,0.0,2.0,20702.0,2064.0
182.0,119.0,42.0,42.0,0.0,0.40911707,63.0,4.0,41662.0,3369.0
514.0,435.0,42.0,42.0,0.0,1.40423762,79.0,18.0,46647.0,1527.0
94.0,92.0,6.0,6.0,0.0,1.17726678,2.0,2.0,29276.0,1242.0
83.0,83.0,8.0,8.0,0.0,0.1626725,0.0,2.0,214184.0,3452.0
2136.0,1192.0,250.0,250.0,0.0,1.74615617,944.0,62.0,84857.0,1360.0
25.0,15.0,3.0,3.0,0.0,0.09990867199999999,10.0,0.0,527.0,0.0
25.0,25.0,4.0,4.0,0.0,0.64569861,0.0,0.0,21.0,0.0
26.0,26.0,5.0,5.0,0.0,0.63108534,0.0,1.0,13137.0,527.0
137.0,86.0,10.0,10.0,0.0,0.60156101,51.0,3.0,7435.0,113.0
81.0,49.0,9.0,9.0,0.0,0.55610847,32.0,3.0,102316.0,1894.0
241.0,181.0,20.0,20.0,0.0,0.63762963,60.0,4.0,53212.0,1977.0
65.0,44.0,4.0,4.0,0.0,0.27658778,21.0,2.0,19395.0,2475.0
817.0,824.0,82.0,82.0,12.0,3.70150976,-7.0,30.0,104138.0,908.0
25.0,25.0,4.0,4.0,0.0,0.76339728,0.0,2.0,11270.0,673.0
81.0,49.0,6.0,6.0,0.0,0.41694158,32.0,2.0,39209.0,3829.0
106.0,56.0,11.0,11.0,0.0,0.586849336,50.0,2.0,53894.0,438.0
75.0,50.0,8.0,8.0,0.0,0.36652055,25.0,2.0,19115.0,1268.0
359.0,323.0,15.0,15.0,0.0,0.49972433,36.0,9.0,109410.0,6767.0
25.0,19.0,4.0,4.0,0.0,0.27656814,6.0,2.0,1391.0,0.0
80.0,80.0,10.0,10.0,0.0,0.19695206,0.0,2.0,23824.0,568.0
268.0,170.0,17.0,17.0,0.0,0.51451904,98.0,4.0,1961.0,0.0
25.0,25.0,4.0,4.0,0.0,0.40131506,0.0,1.0,2012.0,2.0
2331.0,2038.0,247.0,247.0,100.0,4.584553,293.0,34.0,331697.0,22110.0
25.0,25.0,4.0,4.0,0.0,0.20065753,0.0,0.0,1591.0,46.0
26.0,26.0,4.0,4.0,0.0,0.29284628,0.0,0.0,9593.0,0.0
1782.0,1566.0,111.0,111.0,38.0,3.24720952,216.0,52.0,713049.0,68596.0
49.0,25.0,4.0,4.0,0.0,0.27616438,24.0,0.0,391.0,0.0
21.0,21.0,4.0,4.0,0.0,0.25792563,0.0,0.0,164.0,0.0
94.0,45.0,13.0,13.0,0.0,0.24645358,49.0,2.0,16643.0,730.0
216.0,161.0,11.0,11.0,0.0,0.38948749,55.0,6.0,23353.0,124.0
18.0,9.0,2.0,2.0,0.0,0.19878234,9.0,2.0,7308.0,525.0
171.0,103.0,23.0,23.0,0.0,0.98270601,68.0,5.0,3942.0,0.0
25.0,25.0,4.0,4.0,0.0,0.35189041,0.0,2.0,10568.0,115.0
40.0,40.0,7.0,7.0,0.0,0.17541096,0.0,2.0,3865.0,111.0
25.0,52.0,4.0,4.0,0.0,0.14330874,-27.0,2.0,10884.0,11.0
184.0,91.0,20.0,20.0,0.0,0.51702541,93.0,6.0,38228.0,2659.0
80.0,66.0,6.0,6.0,0.0,0.32594436,14.0,3.0,8610.0,119.0
35.0,34.0,8.0,8.0,0.0,0.25253826,1.0,2.0,24997.0,284.0
188.0,152.0,18.0,18.0,0.0,0.85629296,36.0,3.0,39835.0,1183.0
25.0,25.0,4.0,4.0,0.0,0.38553426,0.0,2.0,1993.0,0.0
21.0,21.0,4.0,4.0,0.0,0.24474886,0.0,1.0,177.0,0.0
8.0,8.0,1.0,1.0,0.0,0.31164384,0.0,0.0,193.0,0.0
276.0,276.0,36.0,36.0,0.0,1.17014137,0.0,11.0,62989.0,2389.0
25.0,25.0,5.0,5.0,0.0,0.43090412,0.0,3.0,19627.0,266.0
4386.0,3807.0,390.0,390.0,44.0,8.058713815,579.0,114.0,1151488.0,105780.0
25.0,25.0,4.0,4.0,0.0,0.085808218,0.0,1.0,711.0,0.0
355.0,294.0,20.0,20.0,0.0,2.13512386,61.0,6.0,72663.0,1137.0
3727.0,3155.0,377.0,377.0,159.0,9.22695808,572.0,59.0,604000.0,23858.0
225.0,225.0,17.0,17.0,0.0,0.39505291,0.0,7.0,52700.0,3976.0
61.0,50.0,10.0,10.0,0.0,0.63353424,11.0,4.0,3776.0,8.0
17.0,17.0,3.0,3.0,0.0,0.30169219,0.0,2.0,1404.0,0.0
1943.0,1515.0,261.0,261.0,105.0,6.916592883,428.0,23.0,172131.0,7492.0
14.0,19.0,3.0,3.0,0.0,0.26416728,-5.0,1.0,1867.0,34.0
2231.0,2407.0,166.0,166.0,94.0,4.25586181,-176.0,92.0,670838.0,39033.0
49.0,49.0,9.0,9.0,0.0,0.26374057,0.0,1.0,3032.0,61.0
166.0,111.0,16.0,16.0,0.0,0.32552543,55.0,3.0,19925.0,901.0
204.0,106.0,16.0,16.0,0.0,0.48017576,98.0,3.0,25285.0,246.0
25.0,25.0,7.0,7.0,0.0,0.30156961,0.0,1.0,1895.0,74.0
50.0,50.0,7.0,7.0,0.0,0.75057537,0.0,3.0,5130.0,0.0
25.0,24.0,6.0,6.0,0.0,0.31164384,1.0,2.0,2021.0,0.0
125.0,122.0,12.0,12.0,0.0,0.54706937,3.0,4.0,4163.0,112.0
272.0,167.0,29.0,29.0,0.0,0.61755395,105.0,9.0,29009.0,126.0
33.0,25.0,4.0,4.0,0.0,0.38575342,8.0,1.0,2330.0,0.0
23.0,23.0,4.0,4.0,0.0,0.35294819,0.0,2.0,4756.0,15.0
212.0,163.0,16.0,16.0,0.0,0.43833035,49.0,5.0,19380.0,222.0
12.0,12.0,2.0,2.0,0.0,0.24611872,0.0,0.0,1270.0,37.0
506.0,500.0,64.0,64.0,30.0,2.81275878,6.0,24.0,8858.0,92.0
220.0,220.0,6.0,6.0,0.0,1.13644882,0.0,2.0,1268.0,110.0
72.0,64.0,6.0,6.0,0.0,0.39559075,8.0,2.0,39803.0,73.0
89.0,77.0,6.0,6.0,0.0,0.26493508,12.0,2.0,22716.0,182.0
2754.0,2322.0,317.0,317.0,129.0,6.978715552000001,432.0,63.0,525145.0,6421.0
25.0,18.0,3.0,3.0,0.0,0.36821705,7.0,0.0,1468.0,61.0
562.0,422.0,66.0,66.0,0.0,0.74672192,140.0,15.0,62272.0,4163.0
75.0,50.0,9.0,9.0,0.0,0.79660275,25.0,4.0,11659.0,362.0
243.0,213.0,15.0,15.0,0.0,0.90327135,30.0,10.0,13520.0,1866.0
25.0,14.0,2.0,2.0,0.0,0.25772995,11.0,1.0,2930.0,0.0
63.0,51.0,9.0,9.0,0.0,0.030889068,12.0,1.0,9220.0,4.0
34.0,34.0,6.0,6.0,0.0,0.40682422,0.0,1.0,7897.0,71.0
15.0,15.0,3.0,3.0,0.0,0.19075343,0.0,1.0,249.0,0.0
25.0,23.0,4.0,4.0,0.0,0.41715306,2.0,2.0,172.0,0.0
1453.0,1192.0,264.0,264.0,16.0,4.15823317,261.0,33.0,202082.0,5198.0
25.0,25.0,4.0,4.0,0.0,0.52065754,0.0,2.0,3852.0,238.0
130.0,130.0,6.0,6.0,0.0,0.26566914,0.0,2.0,8178.0,0.0
3071.0,2000.0,294.0,294.0,126.0,4.8518183630000005,1071.0,26.0,640617.0,32937.0
25.0,25.0,5.0,5.0,0.0,0.35923287,0.0,2.0,1380.0,128.0
510.0,386.0,52.0,52.0,0.0,1.10988355,124.0,9.0,27371.0,35.0
25.0,25.0,4.0,4.0,0.0,0.36394522,0.0,2.0,3288.0,18.0
6.0,6.0,1.0,1.0,0.0,0.66392696,0.0,2.0,12683.0,364.0
420.0,254.0,74.0,74.0,26.0,0.93396449,166.0,9.0,13986.0,49.0
25.0,25.0,4.0,4.0,0.0,0.24164383,0.0,2.0,5076.0,20.0
385.0,346.0,10.0,10.0,0.0,1.71382207,39.0,4.0,16925.0,193.0
208.0,192.0,24.0,24.0,16.0,1.87066048,16.0,8.0,57985.0,1505.0
80.0,30.0,5.0,5.0,0.0,0.24968037,50.0,1.0,7372.0,8.0
1226.0,986.0,115.0,115.0,28.0,2.21873834,240.0,26.0,41944.0,1776.0
70.0,59.0,9.0,9.0,0.0,0.33587185,11.0,2.0,4391.0,0.0
113.0,113.0,13.0,13.0,0.0,0.34129015,0.0,5.0,77100.0,877.0
112.0,68.0,12.0,12.0,0.0,0.64469904,44.0,5.0,14766.0,222.0
873.0,728.0,77.0,77.0,6.0,2.25600492,145.0,18.0,148622.0,4653.0
21.0,21.0,4.0,4.0,0.0,0.31819959999999997,0.0,2.0,7868.0,120.0
157.0,111.0,18.0,18.0,0.0,0.66585213,46.0,4.0,6744.0,227.0
345.0,332.0,39.0,39.0,0.0,2.07978025,13.0,9.0,202698.0,2082.0
347.0,347.0,19.0,19.0,0.0,0.99601642,0.0,7.0,34181.0,2480.0
22.0,22.0,4.0,4.0,0.0,0.43437111,0.0,1.0,2039.0,62.0
47.0,47.0,8.0,8.0,0.0,0.48295891,0.0,3.0,23016.0,30.0
25.0,25.0,4.0,4.0,0.0,0.17139725,0.0,0.0,185.0,0.0
123.0,109.0,10.0,10.0,0.0,0.30466256,14.0,3.0,6359.0,75.0
664.0,611.0,53.0,53.0,48.0,2.42401415,53.0,16.0,26665.0,601.0
25.0,25.0,9.0,9.0,0.0,0.44394520000000004,0.0,2.0,12586.0,0.0
222.0,209.0,19.0,19.0,0.0,0.56523531,13.0,7.0,64271.0,5054.0
94.0,49.0,8.0,8.0,0.0,0.11646631,45.0,2.0,14230.0,242.0
211.0,156.0,26.0,26.0,0.0,1.1817286,55.0,6.0,23429.0,1212.0
2587.0,2279.0,236.0,236.0,129.0,5.89990243,308.0,44.0,658321.0,52150.0
25.0,25.0,2.0,2.0,0.0,0.32361645,0.0,2.0,4441.0,417.0
100.0,90.0,8.0,8.0,7.0,0.41372907,10.0,2.0,132925.0,784.0
85.0,43.0,6.0,6.0,0.0,0.15374324,42.0,2.0,9032.0,13.0
85.0,85.0,7.0,7.0,0.0,0.27230382,0.0,6.0,39780.0,283.0
28.0,25.0,4.0,4.0,0.0,0.23221917,3.0,2.0,2756.0,0.0
35.0,15.0,3.0,3.0,0.0,0.45643836,20.0,1.0,4527.0,0.0
25.0,25.0,4.0,4.0,0.0,0.15671232,0.0,0.0,5739.0,36.0
25.0,25.0,4.0,4.0,0.0,0.39649314,0.0,2.0,1314.0,0.0
170.0,137.0,11.0,11.0,0.0,0.40777922,33.0,4.0,35932.0,222.0
25.0,25.0,4.0,4.0,0.0,0.2510685,0.0,2.0,1751.0,1.0
40.0,40.0,5.0,5.0,0.0,0.45486301,0.0,2.0,15412.0,157.0
41.0,41.0,6.0,6.0,0.0,0.44878048,0.0,2.0,9123.0,249.0
70.0,144.0,9.0,9.0,0.0,0.14677936,-74.0,2.0,8804.0,180.0
127.0,80.0,14.0,14.0,0.0,0.555457799,47.0,2.0,51702.0,6094.0
159.0,159.0,18.0,18.0,0.0,0.25162402,0.0,4.0,19116.0,16.0
887.0,838.0,62.0,62.0,0.0,4.4109833,49.0,15.0,89034.0,6024.0
50.0,32.0,2.0,2.0,0.0,0.17696886,18.0,1.0,4915.0,63.0
25.0,25.0,4.0,4.0,0.0,0.43254796,0.0,2.0,1521.0,0.0
350.0,287.0,72.0,72.0,0.0,0.62120187,63.0,12.0,27659.0,584.0
11.0,11.0,2.0,2.0,0.0,0.29564133,0.0,1.0,1226.0,0.0
124.0,49.0,7.0,7.0,0.0,0.128208,75.0,2.0,848.0,0.0
25.0,25.0,6.0,6.0,0.0,0.28854793,0.0,2.0,15363.0,744.0
79.0,72.0,6.0,6.0,0.0,0.29022071,7.0,2.0,23538.0,685.0
409.0,279.0,41.0,41.0,0.0,1.38987431,130.0,8.0,26424.0,427.0
197.0,170.0,22.0,22.0,0.0,0.43245769,27.0,8.0,3956.0,0.0
15.0,25.0,4.0,4.0,0.0,0.06169863,-10.0,1.0,51.0,0.0
25.0,25.0,2.0,2.0,0.0,0.42893149999999997,0.0,2.0,10242.0,217.0
18.0,21.0,4.0,4.0,0.0,0.1543379,-3.0,0.0,90.0,0.0
49.0,49.0,6.0,6.0,0.0,0.37791446,0.0,2.0,11909.0,383.0
66.0,66.0,10.0,10.0,0.0,0.9859863000000001,0.0,5.0,691.0,0.0
160.0,160.0,22.0,22.0,0.0,0.57820207,0.0,12.0,39685.0,2455.0
156.0,94.0,7.0,7.0,0.0,1.46185443,62.0,2.0,5324.0,44.0
71.0,49.0,6.0,6.0,0.0,0.36885658,22.0,2.0,7005.0,490.0
310.0,305.0,29.0,29.0,0.0,1.76616934,5.0,3.0,114280.0,1370.0
785.0,613.0,78.0,78.0,15.0,3.22246168,172.0,39.0,1612337.0,56642.0
366.0,320.0,45.0,45.0,0.0,1.75288537,46.0,6.0,64163.0,5701.0
153.0,117.0,9.0,9.0,0.0,0.25598875,36.0,5.0,50055.0,286.0
15.0,15.0,3.0,3.0,0.0,0.22389211,0.0,1.0,18052.0,843.0
128.0,105.0,10.0,10.0,0.0,1.34441051,23.0,4.0,38959.0,10.0
25.0,27.0,5.0,5.0,0.0,0.18812786,-2.0,1.0,96.0,0.0
1735.0,1703.0,188.0,188.0,110.0,5.86076505,32.0,47.0,196176.0,2660.0
144.0,144.0,14.0,14.0,0.0,1.03677558,0.0,5.0,47040.0,1233.0
61.0,50.0,8.0,8.0,0.0,0.83375344,11.0,4.0,2327.0,0.0
362.0,340.0,26.0,26.0,0.0,1.60977325,22.0,14.0,55066.0,1872.0
25.0,25.0,4.0,4.0,0.0,0.11539726,0.0,2.0,1955.0,203.0
94.0,50.0,7.0,7.0,0.0,0.78816437,44.0,3.0,5829.0,302.0
118.0,88.0,4.0,4.0,0.0,0.28602117,30.0,3.0,19606.0,1318.0
74.0,58.0,8.0,8.0,0.0,0.36334434,16.0,3.0,20774.0,1354.0
12.0,14.0,2.0,2.0,0.0,0.2706458,-2.0,1.0,6549.0,1159.0
138.0,138.0,16.0,16.0,0.0,0.75806856,0.0,5.0,46292.0,1000.0
279.0,288.0,14.0,14.0,0.0,1.41747445,-9.0,6.0,18843.0,1510.0
50.0,50.0,8.0,8.0,0.0,0.75879452,0.0,4.0,17523.0,206.0
630.0,603.0,39.0,39.0,0.0,1.44851887,27.0,22.0,163205.0,4407.0
109.0,109.0,8.0,8.0,0.0,0.23194671,0.0,4.0,64073.0,683.0
40.0,40.0,8.0,8.0,0.0,0.47875799,0.0,4.0,10988.0,249.0
78.0,54.0,8.0,8.0,0.0,0.93713847,24.0,2.0,4798.0,13.0
23.0,23.0,4.0,4.0,0.0,0.50458604,0.0,2.0,5750.0,0.0
180.0,180.0,32.0,32.0,0.0,0.57984781,0.0,0.0,7140.0,169.0
25.0,25.0,4.0,4.0,0.0,0.15967123,0.0,2.0,4457.0,15.0
25.0,25.0,4.0,4.0,0.0,0.055123288,0.0,2.0,46.0,0.0
60.0,46.0,5.0,5.0,0.0,0.14315267,14.0,2.0,18934.0,388.0
1258.0,1266.0,176.0,176.0,159.0,7.83507833,-8.0,34.0,202814.0,3949.0
44.0,44.0,6.0,6.0,0.0,0.060958902999999995,0.0,2.0,3848.0,590.0
201.0,49.0,5.0,5.0,0.0,0.372435,152.0,2.0,2071.0,9.0
1696.0,1636.0,172.0,172.0,97.0,4.45213613,60.0,44.0,284968.0,6016.0
7.0,7.0,1.0,1.0,0.0,0.088454008,0.0,0.0,1204.0,37.0
65.0,65.0,11.0,11.0,0.0,0.41395434600000003,0.0,3.0,5384.0,594.0
20.0,20.0,3.0,3.0,0.0,0.21287671,0.0,0.0,667.0,0.0
786.0,390.0,18.0,18.0,4.0,1.70065596,396.0,3.0,21828.0,386.0
25.0,25.0,4.0,4.0,0.0,0.064657532,0.0,1.0,1835.0,10.0
175.0,109.0,23.0,23.0,0.0,0.40459973,66.0,2.0,54344.0,713.0
15.0,15.0,3.0,3.0,0.0,0.20657535,0.0,0.0,7.0,0.0
12.0,12.0,2.0,2.0,0.0,0.19246575,0.0,0.0,161.0,0.0
37.0,30.0,6.0,6.0,0.0,0.5912329000000001,7.0,2.0,23149.0,1274.0
25.0,25.0,4.0,4.0,0.0,0.13150685,0.0,0.0,3730.0,438.0
165.0,165.0,13.0,13.0,0.0,0.78934858,0.0,6.0,43261.0,1677.0
25.0,14.0,6.0,6.0,0.0,0.22133072,11.0,2.0,1142.0,3.0
60.0,25.0,4.0,4.0,0.0,0.30093151,35.0,2.0,1030.0,58.0
25.0,23.0,4.0,4.0,0.0,0.28528887,2.0,2.0,684.0,14.0
590.0,535.0,52.0,52.0,30.0,1.64297653,55.0,25.0,191122.0,1362.0
1088.0,961.0,83.0,83.0,12.0,1.87704158,127.0,40.0,58108.0,412.0
133.0,131.0,10.0,10.0,0.0,0.37336493,2.0,2.0,22497.0,508.0
25.0,22.0,4.0,4.0,0.0,0.27534246,3.0,1.0,2110.0,110.0
25.0,22.0,5.0,5.0,0.0,0.52503115,3.0,2.0,1786.0,0.0
50.0,50.0,9.0,9.0,0.0,0.0,0.0,1.0,14799.0,279.0
730.0,561.0,74.0,74.0,12.0,2.25568482,169.0,17.0,37883.0,342.0
325.0,233.0,27.0,27.0,0.0,1.02485648,92.0,6.0,56290.0,4349.0
266.0,236.0,26.0,26.0,11.0,2.59748454,30.0,4.0,27317.0,1586.0
25.0,25.0,4.0,4.0,0.0,0.24076712,0.0,1.0,776.0,38.0
12.0,12.0,2.0,2.0,0.0,0.32100457,0.0,0.0,8231.0,66.0
240.0,178.0,21.0,21.0,0.0,1.0583052,62.0,12.0,122670.0,7769.0
25.0,25.0,4.0,4.0,0.0,0.25698629,0.0,1.0,1580.0,0.0
53.0,21.0,4.0,4.0,0.0,0.21578604,32.0,0.0,2830.0,0.0
169.0,86.0,27.0,27.0,0.0,0.58493149,83.0,4.0,6483.0,230.0
25.0,25.0,4.0,4.0,0.0,0.14717808,0.0,1.0,7189.0,278.0
25.0,25.0,4.0,4.0,0.0,0.62520546,0.0,1.0,10656.0,71.0
45.0,45.0,7.0,7.0,0.0,0.42350685,0.0,4.0,26990.0,732.0
471.0,271.0,34.0,34.0,0.0,0.43204772,200.0,7.0,63293.0,2556.0
36.0,15.0,3.0,3.0,0.0,0.24748859,21.0,0.0,1094.0,34.0
38.0,37.0,4.0,4.0,0.0,0.23465383,1.0,1.0,54837.0,29.0
7.0,7.0,1.0,1.0,0.0,0.43835616,0.0,0.0,1410.0,0.0
3874.0,3253.0,285.0,285.0,122.0,8.27149337,621.0,76.0,512331.0,14829.0
58.0,58.0,7.0,7.0,0.0,0.17264998,0.0,2.0,15301.0,227.0
1356.0,1024.0,123.0,123.0,40.0,4.23908536,332.0,33.0,261438.0,2765.0
212.0,89.0,13.0,13.0,3.0,0.81988649,123.0,5.0,85866.0,496.0
304.0,270.0,36.0,36.0,0.0,1.1613091,34.0,8.0,19464.0,43.0
188.0,169.0,12.0,12.0,0.0,0.53736794,19.0,4.0,7960.0,581.0
47.0,47.0,6.0,6.0,0.0,0.13150685,0.0,2.0,928.0,0.0
967.0,808.0,93.0,93.0,44.0,3.09114206,159.0,23.0,133563.0,3859.0
25.0,25.0,4.0,4.0,0.0,0.17161644,0.0,1.0,179.0,0.0
114.0,90.0,6.0,6.0,0.0,0.19966514,24.0,2.0,4551.0,31.0
112.0,112.0,8.0,8.0,0.0,0.69070452,0.0,9.0,54055.0,1351.0
40.0,27.0,5.0,5.0,0.0,0.20334855,13.0,0.0,17336.0,344.0
282.0,245.0,34.0,34.0,0.0,0.45776907,37.0,8.0,91029.0,1131.0
240.0,154.0,29.0,29.0,0.0,0.8575176,86.0,4.0,72243.0,1290.0
124.0,128.0,9.0,9.0,0.0,0.32572773,-4.0,3.0,10618.0,1001.0
122.0,92.0,12.0,12.0,0.0,0.33913043,30.0,2.0,3572.0,90.0
174.0,120.0,24.0,24.0,0.0,0.19586758,54.0,3.0,2832.0,39.0
82.0,49.0,6.0,6.0,0.0,0.50489235,33.0,3.0,960.0,8.0
72.0,12.0,2.0,2.0,0.0,0.45684931,60.0,1.0,1365.0,100.0
71.0,52.0,4.0,4.0,0.0,0.07507903099999999,19.0,2.0,6854.0,13.0
83.0,49.0,9.0,9.0,0.0,1.04841461,34.0,3.0,17496.0,118.0
49.0,44.0,8.0,8.0,0.0,0.18156911,5.0,2.0,14434.0,125.0
58.0,43.0,4.0,4.0,0.0,0.35616440000000005,15.0,2.0,4001.0,22.0
52.0,52.0,6.0,6.0,0.0,0.47054794,0.0,3.0,2466.0,0.0
4324.0,3565.0,220.0,220.0,168.0,8.58731609,759.0,63.0,178229.0,4541.0
1122.0,1062.0,254.0,254.0,28.0,5.34961418,60.0,22.0,242545.0,16897.0
844.0,783.0,69.0,69.0,47.0,2.56839188,61.0,13.0,124285.0,1927.0
4682.0,3931.0,656.0,656.0,154.0,8.22528549,751.0,88.0,715261.0,26383.0
48.0,24.0,4.0,4.0,0.0,0.13584475,24.0,2.0,8011.0,474.0
144.0,97.0,13.0,13.0,0.0,0.32031382,47.0,4.0,22276.0,322.0
4638.0,3047.0,344.0,344.0,120.0,11.56658986,1591.0,114.0,276379.0,6254.0
32.0,32.0,6.0,6.0,0.0,0.21934931,0.0,2.0,7865.0,155.0
25.0,25.0,5.0,5.0,0.0,0.45073971,0.0,2.0,15448.0,1245.0
173.0,63.0,11.0,11.0,0.0,0.29088932,110.0,2.0,8384.0,193.0
33.0,33.0,6.0,6.0,0.0,0.088750519,0.0,0.0,12079.0,227.0
15.0,15.0,3.0,3.0,0.0,0.4381735,0.0,0.0,294.0,0.0
16.0,16.0,3.0,3.0,0.0,0.092383564,0.0,2.0,2815.0,0.0
75.0,50.0,9.0,9.0,0.0,0.40591779,25.0,3.0,49105.0,390.0
83.0,48.0,8.0,8.0,0.0,0.90645009,35.0,4.0,4458.0,0.0
173.0,123.0,24.0,24.0,0.0,1.782308213,50.0,3.0,51424.0,472.0
457.0,401.0,34.0,34.0,0.0,1.31440449,56.0,12.0,11638.0,942.0
331.0,303.0,35.0,35.0,0.0,1.83739879,28.0,13.0,18196.0,1436.0
19.0,14.0,4.0,4.0,0.0,0.45596868,5.0,2.0,1693.0,15.0
947.0,744.0,91.0,91.0,43.0,3.32596824,203.0,19.0,168953.0,5704.0
48.0,42.0,6.0,6.0,0.0,0.20084801,6.0,2.0,7595.0,217.0
40.0,14.0,2.0,2.0,0.0,0.20782779,26.0,2.0,748.0,10.0
25.0,25.0,3.0,3.0,0.0,0.3601096,0.0,1.0,28687.0,3012.0
24.0,24.0,4.0,4.0,0.0,0.28607306,0.0,1.0,424.0,52.0
25.0,25.0,4.0,4.0,0.0,0.18202739999999998,0.0,0.0,5918.0,116.0
391.0,361.0,24.0,24.0,0.0,0.31404394,30.0,4.0,25951.0,2734.0
74.0,20.0,4.0,4.0,0.0,0.26575342,54.0,2.0,773.0,0.0
619.0,583.0,42.0,42.0,30.0,1.39686144,36.0,24.0,107006.0,1075.0
15.0,15.0,3.0,3.0,0.0,0.29461187,0.0,1.0,4898.0,245.0
25.0,25.0,4.0,4.0,0.0,0.16942465,0.0,2.0,3864.0,45.0
159.0,147.0,15.0,15.0,0.0,0.29452986,12.0,3.0,26637.0,1673.0
216.0,87.0,14.0,14.0,0.0,0.66085803,129.0,6.0,4196.0,20.0
253.0,233.0,14.0,14.0,0.0,0.5597135999999999,20.0,8.0,7464.0,16.0
32.0,32.0,6.0,6.0,0.0,0.1797089,0.0,2.0,4556.0,287.0
1169.0,1092.0,128.0,128.0,17.0,4.88295365,77.0,29.0,316832.0,5476.0
195.0,195.0,6.0,6.0,0.0,1.52801152,0.0,2.0,120989.0,11523.0
99.0,89.0,6.0,6.0,0.0,0.18953364,10.0,3.0,11600.0,231.0
69.0,71.0,8.0,8.0,0.0,0.28377387,-2.0,2.0,88495.0,168.0
616.0,368.0,40.0,40.0,0.0,2.03714394,248.0,5.0,55393.0,1580.0
25.0,25.0,4.0,4.0,0.0,0.23342466,0.0,0.0,633.0,0.0
2156.0,1777.0,183.0,183.0,6.0,5.96246842,379.0,80.0,433052.0,18570.0
483.0,361.0,34.0,34.0,11.0,0.91310746,122.0,12.0,33904.0,329.0
65.0,45.0,8.0,8.0,0.0,0.22989346,20.0,1.0,5432.0,216.0
147.0,92.0,8.0,8.0,0.0,0.16334127,55.0,2.0,3224.0,96.0
276.0,240.0,25.0,25.0,0.0,1.55515984,36.0,4.0,4233.0,201.0
45.0,25.0,4.0,4.0,0.0,0.59386301,20.0,1.0,7764.0,216.0
816.0,469.0,44.0,44.0,0.0,2.309614049,347.0,15.0,27414.0,3477.0
25.0,6.0,6.0,6.0,0.0,0.4949041,19.0,2.0,4236.0,39.0
90.0,90.0,6.0,6.0,0.0,0.43031964,0.0,6.0,1165.0,0.0
942.0,874.0,59.0,59.0,15.0,1.89483691,68.0,13.0,426311.0,14535.0
49.0,49.0,5.0,5.0,0.0,0.40402573,0.0,2.0,5054.0,144.0
838.0,759.0,82.0,82.0,25.0,1.2213384859999998,79.0,12.0,219423.0,2922.0
18.0,18.0,3.0,3.0,0.0,0.62587517,0.0,0.0,26.0,0.0
3345.0,3209.0,377.0,377.0,192.0,9.12629475,136.0,102.0,325472.0,7356.0
10.0,10.0,2.0,2.0,0.0,0.07342466,0.0,0.0,241.0,0.0
16.0,16.0,3.0,3.0,0.0,0.18972602,0.0,1.0,680.0,0.0
451.0,429.0,33.0,33.0,0.0,1.7502653730000002,22.0,8.0,300941.0,6820.0
18.0,18.0,3.0,3.0,0.0,0.24627092,0.0,0.0,1242.0,94.0
75.0,48.0,5.0,5.0,0.0,0.21969178,27.0,2.0,12953.0,84.0
538.0,441.0,35.0,35.0,0.0,2.2001923,97.0,7.0,188844.0,6320.0
2376.0,2096.0,177.0,177.0,80.0,5.03832241,280.0,49.0,407068.0,4835.0
11.0,25.0,4.0,4.0,0.0,0.11452055,-14.0,0.0,427.0,0.0
66.0,52.0,8.0,8.0,0.0,0.32339305,14.0,2.0,16518.0,45.0
43.0,43.0,9.0,9.0,0.0,0.87406394,0.0,4.0,8790.0,14.0
82.0,82.0,0.0,0.0,0.0,0.70070165,0.0,0.0,105047.0,8984.0
115.0,84.0,15.0,15.0,0.0,0.39872646,31.0,0.0,53165.0,2827.0
67.0,67.0,7.0,7.0,0.0,0.17583317,0.0,2.0,99090.0,2795.0
1081.0,779.0,80.0,80.0,25.0,3.93943661,302.0,27.0,38360.0,339.0
84.0,39.0,7.0,7.0,0.0,0.13066386,45.0,1.0,20026.0,1479.0
17.0,12.0,2.0,2.0,0.0,0.31940639,5.0,0.0,5840.0,72.0
110.0,96.0,8.0,8.0,0.0,1.15043491,14.0,2.0,2005.0,267.0
25.0,25.0,4.0,4.0,0.0,0.27495891,0.0,0.0,4319.0,24.0
92.0,54.0,9.0,9.0,0.0,0.39700914,38.0,2.0,6878.0,186.0
168.0,135.0,18.0,18.0,0.0,0.4553764,33.0,3.0,84158.0,118.0
86.0,25.0,4.0,4.0,0.0,0.45873973,61.0,1.0,19485.0,128.0
370.0,343.0,54.0,54.0,0.0,0.9385950000000001,27.0,6.0,25915.0,1122.0
25.0,25.0,4.0,4.0,0.0,0.37556165,0.0,2.0,1086.0,0.0
109.0,97.0,8.0,8.0,0.0,0.13037707,12.0,2.0,10680.0,235.0
18.0,18.0,3.0,3.0,0.0,0.32389650000000003,0.0,1.0,1664.0,60.0
2527.0,2032.0,232.0,232.0,104.0,5.17768973,495.0,83.0,1688927.0,110248.0
25.0,15.0,3.0,3.0,0.0,0.23963471,10.0,1.0,13430.0,991.0
25.0,25.0,4.0,4.0,0.0,0.083178081,0.0,1.0,3613.0,0.0
46.0,46.0,8.0,8.0,0.0,0.32792413,0.0,1.0,1554.0,8.0
44.0,44.0,4.0,4.0,0.0,0.17820673,0.0,2.0,11680.0,521.0
192.0,118.0,12.0,12.0,15.0,0.32314837,74.0,3.0,15105.0,344.0
25.0,25.0,4.0,4.0,0.0,0.48734248,0.0,2.0,1016.0,0.0
18.0,18.0,3.0,3.0,0.0,0.24292238,0.0,0.0,369.0,0.0
48.0,48.0,6.0,6.0,0.0,0.10981735,0.0,2.0,7596.0,54.0
68.0,58.0,11.0,11.0,0.0,0.41368420200000006,10.0,1.0,73088.0,4709.0
971.0,868.0,157.0,157.0,20.0,4.880750901,103.0,27.0,184637.0,3616.0
21.0,21.0,4.0,4.0,0.0,0.15538161,0.0,1.0,3473.0,679.0
